1200, 35000
600, 14000
1200, 25000
1800, 37000
435, 10000
1200 , 14000
2174 , 50000
1600 , 20001
700 , 15000
1500 , 32000
1200 , 40000
1150 , 21000
1150 , 23500
1077 , 10000
1900 , 32000
1556 , 32000
900 , 12000
1860 , 36000
1900 , 28000
1392 , 32000
1200 , 35000
2500 , 30000
950 , 17000
1100 , 20000
960 , 12500
1400 , 16000
1200 , 23000
3000 , 47000
950 , 12000
950 , 24000
1050 , 20000
1100 , 18000
1186 , 28000
1900 , 32000
1700 , 40000
1250 , 25000
1800 , 35000
3250 , 95000
1458 , 18000
1100 , 18500
940 , 15000
650 , 12000
1550 , 18000
720 , 12000
1400 , 18000
1800 , 22000
900 , 8000
800 , 14000
1759 , 46000
650 , 9000
1000 , 20000
1100 , 16000
1162 , 12500
1050 , 15000
1750 , 40000
3000 , 8000
1485 , 37000
2100 , 16000
1000 , 11000
1350 , 30000
1100 , 10000
500 , 14000
1450 , 32000
700 , 16000
2400 , 18000
1200 , 23000
900 , 15000
1400 , 13000
861 , 17500
120 , 4000
1017 , 15000
2100 , 65000
1100 , 15000
950 , 15000
2500 , 35000
3000 , 40000
500 , 30000
1480 , 27000
1700 , 30000
1350 , 23000
1500 , 35000
1300 , 17000
1700 , 65000
750 , 20000
900 , 15000
1450 , 21500
800 , 10000
1185 , 27000
2200 , 40000
983 , 8000
1300 , 18000
1200 , 12000
850 , 11000
1000 , 20000
1200 , 8000
1418 , 30000
1416 , 28000
1130 , 12500
450 , 7000
2300 , 90000
1100 , 11000
2100 , 12000
2500 , 22000
1400 , 22000
2500 , 61000
2800 , 22000
2400 , 65000
1701 , 34000
800 , 10000
2700 , 70000
1700 , 18000
500 , 7500
1100 , 22000
1412 , 25000
1444 , 23000
1086 , 15000
1000 , 30000
150 , 11000
2600 , 80000
1800 , 34000
901 , 15000
1667 , 30000
1000 , 11000
1700 , 25000
900 , 10000
850 , 19000
1600 , 50000
1625 , 33000
700 , 16000
1816 , 15000
820 , 10000
1795 , 30000
1749 , 22000
1150 , 8000
1300 , 10000
716 , 7500
1500 , 45000
1222 , 16000
1930 , 14000
1075 , 23500
1250 , 25000
2800 , 30000
1143 , 12300
1143 , 13000
1200 , 20000
650 , 15000
1975 , 90000
1000 , 18000
1975 , 83000
1800 , 25000
1500 , 25000
100 , 5500
1750 , 60000
1100 , 7000
1200 , 15000
1800 , 45000
1155 , 16000
850 , 7500
1700 , 38000
1350 , 32000
1600 , 27000
1900 , 38000
1160 , 25000
1000 , 12000
2050 , 25000
1600 , 50000
1400 , 25000
1800 , 25000
600 , 10500
1634 , 25000
1350 , 21000
917 , 7000
1100 , 12500
1250 , 25000
1800 , 35000
3250 , 95000
1458 , 18000
1100 , 18500
940 , 15000
650 , 12000
1100 , 15000
1550 , 18000
1100 , 14000
1000 , 6500
1400 , 18000
1800 , 22000
900 , 8000
800 , 14000
1759 , 46000
1050 , 15000
1750 , 40000
3000 , 8000
900 , 8500
1485 , 37000
1000 , 11000
1350 , 30000
1389 , 32000
900 , 12000
1400 , 30000
380 , 9000
1000 , 20000
2200 , 18000
500 , 6000
980 , 20000
1900 , 30000
950 , 25000
1250 , 12000
1400 , 23000
1295 , 25000
1300 , 10000
1300 , 30000
700 , 13000
1300 , 28000
750 , 12000
750 , 12000
615 , 7000
1100 , 13000
2250 , 25000
1350 , 30000
662 , 11000
1690 , 35000
200 , 15000
2600 , 40000
1150 , 20000
1780 , 35000
1855 , 38000
1980 , 40000
900 , 15000
1270 , 12000
1859 , 30000
2000 , 35000
1914 , 47000
1500 , 30000
1600 , 35000
1800 , 45000
1600 , 10000
1000 , 20000
1008 , 15000
1890 , 38000
820 , 9000
1550 , 20000
883 , 10000
1634 , 12000
2661 , 70000
1300 , 10000
700 , 9500
350 , 6000
1050 , 12000
810 , 8000
1552 , 32000
1800 , 23000
1400 , 45000
1000 , 9000
1460 , 15000
1000 , 10000
1100 , 15000
500 , 10000
1155 , 9000
720 , 7500
2800 , 6500
720 , 5500
1800 , 15000
1750 , 20000
1050 , 8500
1261 , 8000
1000 , 17500
650 , 8300
800 , 9500
1185 , 22000
1800 , 65000
900 , 15000
1210 , 25000
1050 , 16000
1252 , 15000
928 , 12000
1212 , 14000
1700 , 33000
2600 , 85000
907 , 7000
1100 , 25000
710 , 8000
1378 , 22000
600 , 9000
950 , 19000
1500 , 28000
1600 , 17000
1750 , 25000
1000 , 12500
1400 , 30000
1100 , 10000
200 , 5000
1091 , 13000
1200 , 15000
900 , 9000
1360 , 25000
950 , 15000
825 , 20000
2400 , 14000
1320 , 18000
1250 , 6500
1500 , 20000
1400 , 25000
1000 , 9500
1900 , 35000
1300 , 30000
1100 , 24000
1571 , 22000
2400 , 10000
700 , 9000
525 , 13000
1800 , 10500
1200 , 16000
1080 , 13000
1850 , 23000
900 , 10000
970 , 17500
1300 , 14000
1100 , 18000
1600 , 35000
1428 , 37000
1500 , 25000
1300 , 27000
720 , 11500
1030 , 18000
400 , 5000
1505 , 10000
900 , 11000
1200 , 13000
1200 , 7500
790 , 10000
2200 , 19000
2600 , 19000
1996 , 25000
650 , 13000
280 , 7000
800 , 6000
2600 , 55000
1000 , 8000
850 , 15000
1426 , 20000
2400 , 9000
1200 , 15000
1800 , 50000
1100 , 15000
1500 , 8500
749 , 7500
1064 , 11000
1000 , 11000
2000 , 15000
600 , 6000
1000 , 10000
1800 , 30000
1750 , 20000
1380 , 20000
930 , 18000
400 , 4500
1200 , 18000
1300 , 16000
200 , 7000
200 , 7000
1300 , 12500
1400 , 25000
3000 , 25000
2000 , 28000
950 , 11000
900 , 18000
610 , 12000
800 , 12000
500 , 7000
850 , 12000
1300 , 20000
1121 , 15000
1000 , 12000
1026 , 12000
850 , 15000
1546 , 25000
930 , 15000
913 , 14000
2400 , 15000
1750 , 22000
1000 , 9000
1580 , 15000
1400 , 25000
1000 , 10000
1200 , 8000
1350 , 30000
1350 , 20000
1850 , 35000
997 , 8500
625 , 8000
1750 , 45000
1452 , 28000
1465 , 30000
2000 , 65000
1029 , 20000
715 , 8000
1050 , 10500
1082 , 12000
1200 , 8000
1200 , 10000
1100 , 15000
1600 , 15000
1800 , 28000
994 , 15000
580 , 11000
1789 , 12000
900 , 3000
1375 , 5000
1300 , 22500
1950 , 50000
1500 , 22000
850 , 9000
995 , 8500
200 , 10000
920 , 9000
200 , 5500
750 , 15000
950 , 12000
990 , 8000
986 , 12000
400 , 6000
1060 , 15500
1600 , 8000
1000 , 20000
900 , 12000
1380 , 15000
1370 , 12500
150 , 5000
1400 , 18000
1600 , 10000
934 , 10000
600 , 7000
790 , 13000
750 , 17000
1603 , 25000
900 , 17000
1185 , 22000
1130 , 15000
1700 , 36000
2200 , 31000
700 , 12000
1850 , 36000
800 , 11000
1600 , 25000
830 , 8500
400 , 13000
1075 , 18000
1895 , 38000
1058 , 14000
550 , 5500
1222 , 19000
2400 , 50000
1500 , 18000
1400 , 26000
1350 , 20000
1546 , 20000
1000 , 22000
1200 , 13000
1026 , 12500
1600 , 18000
1400 , 25000
1360 , 20000
875 , 8000
2490 , 25000
850 , 10000
1260 , 35000
1100 , 25000
776 , 6000
800 , 16500
950 , 11000
1350 , 15000
1310 , 15000
1600 , 43000
1690 , 40000
1800 , 30000
1859 , 25000
1805 , 20000
1200 , 10000
600 , 6500
1000 , 22000
690 , 11000
1750 , 60000
1350 , 19000
994 , 9000
650 , 7300
1355 , 19000
1650 , 35000
1150 , 15000
924 , 9500
860 , 9500
900 , 50000
1200 , 21000
2250 , 45000
1100 , 21000
1003 , 9500
950 , 12000
800 , 13000
650 , 9000
2500 , 13000
900 , 8000
1000 , 10000
1800 , 8000
1750 , 45000
1000 , 7500
835 , 15000
1000 , 10000
500 , 6000
400 , 6000
1062 , 21000
750 , 9500
1200 , 10000
1050 , 22000
500 , 10000
820 , 6500
820 , 6500
1500 , 25000
1200 , 8000
850 , 7000
1700 , 25000
650 , 16000
911 , 10000
3000 , 40000
1949 , 22000
1230 , 23000
1765 , 18000
1300 , 37000
1400 , 14000
2286 , 23000
1600 , 40000
1140 , 13500
1052 , 10000
720 , 5500
836 , 13500
836 , 15000
1593 , 15000
1000 , 25000
1100 , 10000
1723 , 35000
1300 , 15000
600 , 6000
1500 , 15000
1420 , 40000
2300 , 90000
2430 , 15000
1000 , 22000
1200 , 13000
1026 , 12500
3500 , 90000
1600 , 18000
1400 , 25000
1360 , 20000
875 , 8000
2490 , 25000
850 , 10000
1260 , 35000
1100 , 25000
1955 , 40000
776 , 6000
800 , 16500
950 , 11000
1350 , 15000
1310 , 15000
1600 , 43000
1690 , 40000
1800 , 30000
1859 , 25000
1805 , 20000
600 , 6500
1000 , 22000
690 , 11000
1750 , 60000
1350 , 19000
994 , 9000
1355 , 19000
1500 , 10000
1200 , 18000
1295 , 22000
1200 , 8000
700 , 13000
610 , 7000
1006 , 15000
1625 , 40000
1600 , 35000
2000 , 19500
1400 , 34000
1145 , 15000
2451 , 40000
1700 , 15000
2000 , 52000
900 , 8000
1100 , 16000
780 , 15000
1460 , 15000
1749 , 22000
836 , 19000
1300 , 10000
1200 , 6100
900 , 11000
1350 , 15000
650 , 9500
2400 , 16000
1950 , 35000
1500 , 40000
1100 , 12000
900 , 8000
800 , 20000
540 , 15000
1150 , 18000
997 , 9000
1450 , 34000
1682 , 35000
1300 , 10000
1252 , 15000
1480 , 16000
1200 , 9000
1800 , 20000
1300 , 22000
1950 , 70000
1300 , 18000
1250 , 35000
1555 , 30000
1520 , 28000
1510 , 40000
1000 , 16000
1000 , 11500
1006 , 8000
850 , 9000
1300 , 35000
1200 , 11000
1018 , 12000
877 , 12000
1469 , 25000
877 , 12000
1469 , 25000
600 , 10000
2650 , 35000
950 , 13000
1385 , 32000
1733 , 20000
1133 , 11000
1150 , 27000
1199 , 30000
800 , 8000
850 , 9000
1412 , 32000
800 , 18000
475 , 6500
1000 , 12000
2500 , 30000
900 , 20000
1825 , 30000
1200 , 19000
2400 , 30000
1400 , 26000
1668 , 25000
1500 , 10000
1150 , 12000
710 , 8500
2000 , 65000
1850 , 45000
900 , 8000
1750 , 60000
1100 , 16000
780 , 15000
1460 , 15000
1749 , 22000
836 , 19000
1300 , 10000
1200 , 6100
2400 , 16000
1950 , 35000
1500 , 40000
1100 , 12000
900 , 8000
800 , 20000
540 , 15000
1150 , 18000
997 , 9000
1450 , 34000
1682 , 35000
1300 , 10000
1252 , 15000
1480 , 16000
1300 , 22000
1950 , 70000
1300 , 18000
1250 , 35000
1075 , 11000
550 , 5000
900 , 12000
600 , 8000
900 , 13000
550 , 7000
811 , 8500
1400 , 34000
1480 , 15000
701 , 7000
1300 , 24000
1200 , 20000
1575 , 32000
1800 , 20000
1094 , 14000
1300 , 12000
760 , 6500
350 , 4000
1550 , 25000
300 , 4500
400 , 3000
1200 , 12000
2400 , 10000
1200 , 13000
1650 , 60000
1400 , 15000
1250 , 20000
2000 , 14000
1150 , 12000
710 , 8500
2000 , 65000
1680 , 33000
750 , 9000
2000 , 30000
2000 , 16000
1834 , 23000
1600 , 20000
990 , 8500
1250 , 15000
1141 , 12000
850 , 11000
1012 , 8000
1800 , 45000
1200 , 40000
1200 , 31000
700 , 5000
1700 , 20000
2400 , 8000
2000 , 11000
1400 , 17000
695 , 7000
1700 , 50000
500 , 8500
2500 , 8500
660 , 15000
430 , 5500
1100 , 12500
1800 , 20000
800 , 13000
700 , 7000
1500 , 40000
2800 , 24000
1945 , 40000
1780 , 35000
1060 , 13000
1300 , 20000
1101 , 23000
1500 , 28000
1695 , 19000
2560 , 30000
2400 , 12500
2050 , 14000
1000 , 7000
1718 , 10000
1400 , 9500
1200 , 13000
100 , 4000
750 , 6500
900 , 12000
900 , 14000
1200 , 24000
1425 , 30000
1200 , 50000
986 , 18000
2004 , 15000
832 , 11000
650 , 13000
1100 , 12000
750 , 8500
1105 , 24000
2062 , 90000
1100 , 7500
970 , 15000
1000 , 7500
2500 , 35000
1000 , 18000
1577 , 27000
900 , 21000
1200 , 40000
1300 , 13000
1460 , 35000
500 , 7500
2400 , 25000
400 , 8000
1000 , 13000
1150 , 15000
1080 , 26000
934 , 8000
1298 , 22000
1200 , 11500
2506 , 35000
2000 , 55000
800 , 8000
1294 , 25000
1109 , 14000
700 , 9000
2400 , 18000
1200 , 18000
895 , 18000
1450 , 28000
2400 , 16000
835 , 25000
870 , 10000
1000 , 13000
2470 , 25000
880 , 11000
1603 , 25000
2200 , 35000
1400 , 30000
2700 , 90000
1450 , 30000
600 , 6500
1400 , 25000
2030 , 80000
1200 , 10500
724 , 10000
1100 , 15000
1575 , 18000
1200 , 5000
900 , 10000
2400 , 25000
400 , 8000
1000 , 13000
1150 , 15000
1080 , 26000
750 , 9500
934 , 8000
1298 , 22000
1200 , 11500
2000 , 55000
800 , 8000
1294 , 25000
1109 , 14000
700 , 9000
2400 , 18000
1450 , 28000
2400 , 16000
835 , 25000
870 , 10000
1000 , 13000
900 , 21000
2470 , 25000
880 , 11000
1603 , 25000
2200 , 35000
2700 , 90000
1400 , 30000
960 , 23000
3500 , 35000
1726 , 22000
1500 , 14000
1250 , 11000
941 , 15000
900 , 10000
1800 , 43000
1750 , 30000
1300 , 20000
1200 , 13000
1180 , 20000
1600 , 18000
826 , 12000
1500 , 28000
950 , 11000
1300 , 28000
900 , 7500
752 , 11000
1200 , 12000
900 , 20000
1499 , 30000
550 , 8500
1000 , 8500
1800 , 15000
1250 , 13000
1350 , 30000
850 , 8000
1000 , 7000
1000 , 14000
1000 , 14000
700 , 8000
900 , 14000
1200 , 13000
2400 , 10500
1600 , 9000
685 , 7000
1986 , 35000
2000 , 60000
1750 , 60000
1499 , 15000
2600 , 70000
898 , 9000
830 , 15000
1437 , 22000
1500 , 8000
1173 , 9800
1200 , 15000
1250 , 18000
880 , 11000
1100 , 13000
1200 , 30000
1380 , 25000
1650 , 42000
1580 , 6500
583 , 10000
610 , 6000
1800 , 15000
1250 , 13000
1350 , 30000
850 , 8000
1000 , 7000
900 , 14000
1200 , 13000
2400 , 10500
1600 , 9000
685 , 7000
1986 , 35000
1750 , 60000
2000 , 60000
2600 , 70000
898 , 9000
830 , 15000
1437 , 22000
1500 , 8000
1173 , 9800
1200 , 15000
1250 , 18000
880 , 11000
1100 , 13000
1200 , 30000
1380 , 25000
1650 , 42000
1001 , 20000
1580 , 6500
583 , 10000
2100 , 25000
875 , 9000
1100 , 15000
715 , 9000
600 , 7000
1125 , 26000
1800 , 15000
2100 , 30000
2000 , 35000
776 , 7000
1500 , 30000
600 , 6000
1000 , 6500
1489 , 22000
1600 , 60000
1650 , 33000
1750 , 60000
984 , 18000
1200 , 26000
1100 , 14000
2500 , 65000
1100 , 22000
1560 , 50000
1850 , 36000
900 , 8500
973 , 8000
1200 , 35000
1200 , 22000
1600 , 40000
1400 , 60000
1200 , 24000
2200 , 60000
1200 , 8000
1300 , 38000
2200 , 55000
850 , 9000
1100 , 15000
875 , 14000
600 , 8000
1600 , 25000
1700 , 50000
2200 , 38000
1000 , 7500
1800 , 10000
1450 , 30000
2100 , 50000
2000 , 60000
875 , 14000
1750 , 60000
2750 , 55000
1100 , 15000
1450 , 40000
2000 , 60000
1350 , 23000
850 , 12000
1750 , 60000
1600 , 57500
1850 , 48000
1200 , 45000
1200 , 15000
1464 , 37500
1600 , 27000
2000 , 20000
1793 , 15000
2000 , 22000
1650 , 25000
1947 , 40000
900 , 25000
1720 , 23000
1400 , 27000
700 , 8000
1546 , 25000
1300 , 27000
1460 , 20000
1200 , 22000
700 , 12000
1850 , 45000
1600 , 11000
2064 , 20000
1200 , 22000
700 , 12000
1600 , 11000
2064 , 20000
1050 , 10000
1750 , 60000
1200 , 24000
1350 , 30000
1750 , 35000
2500 , 80000
564 , 15000
1850 , 35000
1512 , 32000
1100 , 35000
1800 , 46000
500 , 18000
1200 , 35000
2000 , 40000
1200 , 10500
100 , 2200
800 , 6500
1100 , 20000
2200 , 60000
2226 , 40000
850 , 20000
2000 , 35000
2400 , 12000
1125 , 20000
1487 , 20000
1250 , 22000
1100 , 7500
800 , 10000
2000 , 95000
1000 , 25000
800 , 10000
1000 , 20000
950 , 17000
1300 , 35000
1150 , 23000
1650 , 45000
1300 , 14000
1725 , 60000
902 , 23000
1250 , 18000
1000 , 23000
1550 , 35000
1847 , 25000
1966 , 32000
1157 , 23000
1000 , 30000
1200 , 23000
1472 , 12000
1200 , 25000
1150 , 23000
1300 , 25000
1200 , 20000
2300 , 90000
1400 , 28000
2000 , 25000
800 , 8000
1500 , 40000
1600 , 75000
2250 , 66000
710 , 9000
650 , 25000
1505 , 30000
1800 , 36000
1655 , 33000
1850 , 36000
950 , 17000
1200 , 18000
1467 , 20000
800 , 6500
1700 , 75000
1550 , 21000
1560 , 30000
1850 , 40000
1600 , 30000
1800 , 35000
2500 , 20000
950 , 20000
1100 , 48000
1400 , 15000
1350 , 30000
1500 , 35000
1100 , 10000
994 , 18000
776 , 7500
800 , 20000
3000 , 65000
1450 , 33000
1275 , 12000
1086 , 6000
3000 , 80000
1200 , 9000
950 , 15000
2200 , 65000
850 , 8000
1121 , 27000
1800 , 50000
2500 , 85000
1600 , 25000
1800 , 35000
1500 , 20000
1610 , 9000
1200 , 12000
2100 , 90000
1125 , 24000
1200 , 12500
1160 , 24000
1400 , 30000
1950 , 36000
1700 , 40000
2500 , 45000
1500 , 23000
1550 , 27000
1000 , 9000
1620 , 32000
1180 , 22000
900 , 6500
2200 , 80000
1900 , 35000
1800 , 50000
2600 , 40000
2500 , 65000
1550 , 45000
2100 , 90000
2300 , 65000
1375 , 20000
1200 , 28000
1500 , 37000
1500 , 23000
1550 , 27000
1000 , 9000
1620 , 32000
1900 , 50000
1180 , 22000
900 , 6500
2200 , 80000
1900 , 35000
1800 , 50000
1600 , 29000
2600 , 40000
2500 , 65000
1550 , 45000
2100 , 90000
2300 , 65000
1500 , 37000
1063 , 12000
1100 , 40000
1100 , 14000
1700 , 22000
1570 , 35000
2216 , 65000
1500 , 25000
1250 , 23000
1300 , 26000
1000 , 20000
2000 , 40000
2200 , 60000
1650 , 20000
1211 , 30000
1600 , 55000
2342 , 60000
2806 , 70000
1300 , 18000
1000 , 14000
1350 , 22000
1047 , 20000
2000 , 50000
1500 , 30000
1150 , 26000
1100 , 21000
1500 , 25000
1750 , 60000
1500 , 25000
2000 , 70000
1000 , 22000
1200 , 10000
1450 , 40000
700 , 15000
1650 , 50000
1200 , 30000
1750 , 55000
2450 , 65000
1450 , 40000
1025 , 23000
2500 , 70000
2000 , 32000
1650 , 50000
1625 , 40000
950 , 22000
2300 , 90000
2472 , 33000
1300 , 20000
1775 , 31000
1800 , 35000
2400 , 12000
1150 , 22000
2100 , 23000
740 , 7000
700 , 12000
2000 , 28000
1350 , 35000
1750 , 47000
1800 , 90000
1200 , 11000
1200 , 30000
1150 , 26000
1500 , 28000
1411 , 20000
598 , 15000
1100 , 20000
1500 , 40000
2150 , 68800
700 , 23000
1200 , 30000
1700 , 46000
1504 , 22000
2000 , 70000
1050 , 13000
1450 , 42000
1800 , 40000
2160 , 60000
1350 , 22000
1500 , 30000
1350 , 22000
1600 , 29000
1150 , 25000
750 , 9500
2350 , 90000
1520 , 60000
1000 , 33000
1200 , 36000
1850 , 22500
1792 , 20000
2400 , 90000
1800 , 80000
1950 , 36000
850 , 20000
1850 , 50000
1200 , 25000
1485 , 37000
1250 , 32000
1400 , 25000
850 , 15000
1050 , 37500
1000 , 30000
2141 , 26000
2300 , 43000
1201 , 12000
1800 , 35000
1275 , 22000
1300 , 20000
2300 , 15000
1900 , 45000
1000 , 70000
1450 , 32000
3000 , 85000
1550 , 45000
2300 , 90000
1700 , 45000
500 , 7000
1350 , 30000
1706 , 90000
1300 , 18000
1800 , 30000
1350 , 27000
1250 , 35000
1750 , 33000
1780 , 38000
1450 , 36000
2300 , 90000
1900 , 50000
600 , 12500
1943 , 26000
850 , 9000
1100 , 18000
1580 , 25000
1750 , 60000
600 , 6000
2500 , 80000
2400 , 50000
750 , 7000
1500 , 40000
2400 , 12000
1500 , 28000
1000 , 20000
1761 , 17800
1390 , 26000
1100 , 20000
3600 , 14000
900 , 13000
3900 , 90000
1500 , 40000
1500 , 40000
1750 , 60000
1685 , 18000
1000 , 15000
1100 , 17000
650 , 15500
2300 , 90000
1602 , 45000
1600 , 15000
950 , 35000
1100 , 19000
2500 , 65000
1000 , 15000
1900 , 50000
1800 , 27000
2286 , 25000
1300 , 24000
1100 , 21000
1550 , 30000
2500 , 65000
1000 , 15000
1800 , 27000
2286 , 25000
1300 , 24000
1395 , 18500
1200 , 35000
1100 , 30000
900 , 20000
2256 , 25000
1200 , 25000
1520 , 15500
2200 , 75000
1600 , 50000
912 , 12000
2000 , 22000
1200 , 25000
2661 , 80000
1500 , 17000
2000 , 60000
1280 , 25000
1555 , 45000
1810 , 65000
1300 , 43000
1000 , 25000
1700 , 25000
1909 , 25000
1365 , 25000
1200 , 40000
1450 , 35000
669 , 13000
1800 , 55000
1300 , 23000
1700 , 75000
1400 , 25000
2000 , 50000
1500 , 30000
1600 , 9000
550 , 7000
1550 , 30000
2201 , 75000
1127 , 31000
1960 , 33000
2100 , 80000
1437 , 20000
3500 , 75000
2900 , 75000
1300 , 15000
1770 , 75000
2000 , 70000
2200 , 45000
1700 , 55000
2500 , 60000
680 , 16000
1624 , 45000
1800 , 75000
2200 , 85000
800 , 12000
1400 , 25000
1100 , 10000
1700 , 45000
2806 , 70000
1100 , 30000
1200 , 15000
1200 , 26000
2200 , 90000
1900 , 50000
1000 , 13000
1100 , 17000
1528 , 33000
610 , 6500
1200 , 28000
1000 , 12000
1239 , 21000
825 , 18500
1750 , 75000
1770 , 85000
800 , 25000
534 , 8500
2200 , 75000
1750 , 60000
1625 , 60000
1200 , 15000
1475 , 30000
1200 , 16000
1000 , 35000
1100 , 21000
2700 , 75000
2400 , 15000
2900 , 65000
1050 , 22000
1600 , 18000
1800 , 37000
1950 , 55000
1200 , 10000
1500 , 18000
1000 , 13000
850 , 23000
1200 , 23000
1300 , 22000
2000 , 20000
1700 , 30000
450 , 6000
1147 , 30000
1494 , 45000
1600 , 28000
1450 , 42000
1793 , 20000
900 , 20000
1200 , 25000
1830 , 25000
3000 , 60000
1220 , 20000
1793 , 23000
1000 , 40000
2 , 60000
1500 , 40000
956 , 20000
600 , 9000
1600 , 40000
1500 , 35000
1960 , 50000
1127 , 30000
2900 , 11500
900 , 15000
1760 , 25000
1749 , 33000
2400 , 75000
1500 , 35000
850 , 7500
836 , 15000
3000 , 90000
1850 , 30000
2100 , 85000
2400 , 80000
1750 , 35000
800 , 20000
2601 , 65000
2400 , 85000
1100 , 22000
850 , 6500
750 , 12700
1801 , 50000
825 , 4500
1100 , 26000
1000 , 18000
700 , 10000
1128 , 14000
700 , 6500
1800 , 8000
1245 , 35000
780 , 12000
1101 , 30000
1850 , 60000
2250 , 65000
1546 , 35000
1225 , 15500
1309 , 17000
1800 , 45000
400 , 7500
150 , 6500
1500 , 29000
1950 , 45000
1255 , 17000
1000 , 20000
1427 , 25000
1100 , 19000
1200 , 12500
975 , 12000
1050 , 14000
2900 , 11500
1100 , 26000
660 , 8500
2400 , 80000
1200 , 8500
1750 , 35000
800 , 20000
2601 , 65000
2400 , 85000
1200 , 12500
1200 , 13000
500 , 8000
1040 , 25000
1528 , 33000
1250 , 14000
850 , 13000
900 , 11500
2016 , 47000
1500 , 20000
1801 , 50000
950 , 15000
825 , 4500
950 , 15000
1400 , 13000
1300 , 16000
2000 , 85000
1250 , 40000
1100 , 20000
2500 , 90000
1650 , 30000
3000 , 75000
1189 , 12000
1800 , 70000
2350 , 75000
1100 , 20000
1500 , 40000
800 , 23000
1300 , 20000
900 , 20000
600 , 7000
1200 , 25000
1350 , 54000
1950 , 30000
1350 , 39000
1157 , 22000
900 , 15000
1750 , 18000
2062 , 65000
1800 , 8500
920 , 8500
1850 , 60000
750 , 12700
2250 , 65000
1200 , 16000
1050 , 27000
1546 , 35000
1225 , 19000
1550 , 10000
1152 , 12000
1600 , 20000
750 , 18500
1300 , 15000
1438 , 50000
1225 , 15500
700 , 12000
1050 , 10000
700 , 6500
1300 , 13000
1000 , 13000
1350 , 35000
750 , 8000
1200 , 12000
1100 , 11000
800 , 17000
1200 , 25000
700 , 10000
2220 , 54000
1755 , 50000
780 , 19000
1000 , 17000
1800 , 10000
1755 , 20000
900 , 18000
600 , 8500
1500 , 30000
1550 , 18000
1000 , 50000
1500 , 15000
1409 , 10000
1436 , 18000
640 , 13000
1600 , 30000
1400 , 16500
2400 , 5800
700 , 9000
500 , 7500
650 , 12000
1700 , 75000
1400 , 30000
1500 , 23000
1200 , 18000
950 , 30000
650 , 11500
1150 , 13500
880 , 10000
2200 , 65000
850 , 16000
1288 , 22000
1060 , 7500
990 , 20000
520 , 9500
520 , 9500
900 , 22000
1835 , 90000
1200 , 7900
1850 , 65000
1100 , 37000
1028 , 28000
2000 , 30000
1450 , 50750
500 , 7000
1500 , 23000
980 , 18000
802 , 14000
500 , 9000
400 , 7500
1200 , 12800
2800 , 70000
850 , 20000
1050 , 16000
3 , 5000
1141 , 25000
1250 , 19900
600 , 4500
1705 , 32000
1600 , 46000
1012 , 10000
600 , 14000
600 , 6000
900 , 25000
980 , 18000
1075 , 6500
1700 , 32000
700 , 8500
1850 , 75000
1500 , 23000
525 , 8500
800 , 12000
2250 , 55000
1100 , 12000
534 , 15000
725 , 12000
1800 , 34000
1200 , 11500
1850 , 85000
2000 , 23000
1210 , 10500
1200 , 10000
300 , 5000
700 , 11000
600 , 5000
1500 , 11000
750 , 9000
800 , 10500
2300 , 90000
1250 , 25000
2400 , 6000
2500 , 90000
2400 , 16000
900 , 10000
800 , 10000
2560 , 16500
850 , 10000
980 , 16000
1200 , 12000
1300 , 30000
650 , 7500
860 , 15000
1400 , 7000
1000 , 12000
1100 , 30000
1700 , 70000
1650 , 16000
270 , 4500
732 , 18000
910 , 14000
700 , 8500
1200 , 8000
1050 , 13000
1050 , 20000
2000 , 21000
1504 , 22000
2400 , 6000
1412 , 12500
600 , 6000
1100 , 16000
450 , 3600
650 , 12000
800 , 12500
1384 , 23000
1800 , 37000
1600 , 17000
810 , 8000
1200 , 14000
2400 , 14000
950 , 13000
1000 , 15000
1250 , 20000
1500 , 17000
1180 , 12000
750 , 11000
1200 , 18000
1100 , 13000
700 , 10000
600 , 8000
1505 , 20000
500 , 8000
500 , 7500
950 , 20000
1480 , 22000
563 , 7000
1066 , 17000
1075 , 12000
1550 , 18000
750 , 13000
1800 , 15000
950 , 11000
1400 , 23000
1100 , 19000
1200 , 10500
975 , 12000
725 , 15000
1050 , 14000
435 , 10000
1100 , 12000
1208 , 17000
1300 , 16000
700 , 12000
1000 , 15000
1350 , 23000
1900 , 38000
915 , 8000
1111 , 12500
958 , 8000
795 , 15000
800 , 9500
1200 , 12500
660 , 8500
1000 , 13000
1200 , 8500
1200 , 7500
1365 , 20000
2000 , 25000
850 , 13000
1200 , 12500
1000 , 8500
875 , 8000
420 , 7000
1200 , 13000
500 , 8000
1528 , 33000
1040 , 25000
1250 , 14000
1560 , 30000
580 , 7500
810 , 9500
1020 , 13500
1650 , 25000
1175 , 23000
1088 , 11000
900 , 11500
1300 , 11000
900 , 7000
2016 , 47000
1500 , 20000
555 , 17000
950 , 15000
1012 , 10000
1650 , 35000
560 , 10000
640 , 10000
1001 , 8000
1600 , 22000
300 , 6500
830 , 16000
600 , 8500
400 , 8200
1500 , 22000
1000 , 16000
1001 , 22000
1400 , 16500
1800 , 80000
1600 , 70000
930 , 23000
1250 , 15000
700 , 9500
1450 , 18000
1065 , 20000
1200 , 12000
500 , 8000
1103 , 13500
900 , 32000
1000 , 12000
1200 , 16000
934 , 25000
1500 , 24000
1512 , 6000
1100 , 20000
1590 , 18000
1550 , 10000
950 , 17500
2800 , 21000
806 , 8000
1800 , 60000
1260 , 6000
1100 , 17000
900 , 15000
1152 , 12000
1750 , 18000
1000 , 12000
550 , 7000
1250 , 32500
600 , 4000
400 , 7500
1800 , 8500
1400 , 22000
1000 , 10000
1619 , 50000
450 , 5500
800 , 11000
2691 , 35000
700 , 9000
1800 , 20000
1850 , 11000
1041 , 15000
1571 , 17500
1000 , 13000
1450 , 12000
1100 , 18500
650 , 5000
1420 , 49000
375 , 6500
1560 , 45000
1250 , 40000
1400 , 12000
1458 , 22000
1015 , 33000
850 , 7200
2500 , 90000
750 , 12000
1000 , 16000
450 , 8000
600 , 10000
1300 , 25000
2000 , 40000
400 , 6500
1300 , 13000
1000 , 13000
960 , 15000
1350 , 35000
1200 , 20000
1100 , 21000
750 , 8000
930 , 20000
1200 , 12000
921 , 22000
3600 , 28000
500 , 10000
1100 , 11000
1494 , 26000
1000 , 7000
400 , 3500
925 , 18000
800 , 17000
1000 , 12000
901 , 11000
1592 , 30000
900 , 16000
1499 , 26000
450 , 11000
900 , 16000
1000 , 16000
1000 , 18000
1550 , 32000
1250 , 20000
1000 , 13500
850 , 11500
1250 , 25000
1396 , 12500
1100 , 16000
700 , 15000
1500 , 27000
1500 , 14000
888 , 13000
1100 , 21000
1300 , 15000
776 , 12500
753 , 12500
1294 , 15000
900 , 15000
1200 , 8000
300 , 5000
1000 , 25000
900 , 25000
600 , 5500
1500 , 16000
1000 , 12000
800 , 10000
1757 , 26500
1424 , 15000
950 , 25000
1690 , 30000
1700 , 35000
1791 , 45000
1031 , 14000
950 , 25000
1690 , 30000
1700 , 35000
1791 , 45000
800 , 8000
600 , 11200
600 , 7000
900 , 12000
1100 , 19000
1426 , 18000
950 , 11000
900 , 6000
1800 , 35000
1100 , 20000
920 , 22000
435 , 10000
1340 , 25000
900 , 20000
950 , 25000
900 , 15000
1610 , 14000
1530 , 40000
1100 , 13000
1500 , 50000
1200 , 15500
1022 , 14000
1100 , 10500
951 , 12000
1250 , 18000
921 , 18000
930 , 22000
1800 , 30000
950 , 12000
1584 , 30000
1610 , 30000
480 , 5000
900 , 13500
900 , 25000
1260 , 18000
1100 , 15000
500 , 8000
545 , 12000
900 , 11500
1200 , 16000
800 , 4800
1592 , 30000
1499 , 26000
1831 , 32000
1708 , 30000
500 , 9000
600 , 12000
750 , 15000
1100 , 12000
945 , 12000
1759 , 46000
1100 , 20000
410 , 6000
1100 , 14000
1595 , 4200
1327 , 25000
995 , 13000
1800 , 14500
900 , 6000
1512 , 18100
1300 , 20000
600 , 12000
2146 , 38000
940 , 10000
842 , 8000
1575 , 16000
2400 , 40000
1475 , 16000
1250 , 18000
800 , 15000
1200 , 22000
2600 , 50000
545 , 8000
1000 , 7000
800 , 7500
1200 , 17000
1000 , 12000
716 , 5000
500 , 3500
850 , 5000
900 , 20000
629 , 22000
750 , 5000
500 , 8000
800 , 5500
1100 , 16000
1800 , 5500
1050 , 14000
1135 , 18000
1850 , 55000
800 , 13000
1000 , 15000
1300 , 16000
900 , 13000
1600 , 16000
1000 , 13500
600 , 12000
990 , 19000
1100 , 15000
1000 , 8000
1000 , 19000
457 , 6000
1152 , 15000
1800 , 15000
1200 , 23000
750 , 13000
1080 , 15500
1300 , 32500
2400 , 6000
650 , 6000
800 , 8000
900 , 13000
1102 , 9000
900 , 17750
1400 , 25000
1900 , 30000
400 , 7500
1740 , 16000
800 , 16000
1245 , 20000
600 , 10000
800 , 12000
1548 , 15000
1050 , 25000
650 , 9000
1287 , 8500
1089 , 13000
725 , 12000
1450 , 35000
750 , 8000
1700 , 25000
200 , 5500
1350 , 39000
700 , 6000
1500 , 40000
1000 , 10000
2000 , 18000
1600 , 18000
800 , 20000
500 , 8500
1523 , 12000
750 , 8000
600 , 7000
1230 , 13000
1157 , 22000
1124 , 12000
1080 , 5000
1055 , 9000
1278 , 17000
700 , 5000
1080 , 18000
1825 , 35000
1230 , 20000
1200 , 20000
1400 , 17500
1400 , 13000
965 , 15000
1340 , 25000
1325 , 27000
2621 , 70000
550 , 7000
1373 , 15000
1200 , 13000
1120 , 15000
920 , 6500
1831 , 40000
901 , 10500
610 , 6500
1181 , 25000
507 , 4000
600 , 5500
1300 , 15000
1973 , 8000
911 , 8000
901 , 10500
610 , 6500
1181 , 25000
507 , 4000
600 , 5500
1300 , 15000
1973 , 8000
1635 , 29000
911 , 8000
1236 , 20000
600 , 5000
1900 , 35000
1150 , 9000
1100 , 17000
600 , 5000
576 , 8000
850 , 18000
1250 , 15000
1069 , 9000
946 , 7500
500 , 13000
1000 , 14000
1200 , 7000
2400 , 25000
1850 , 19000
750 , 14000
400 , 6300
1100 , 9000
1432 , 19000
1831 , 35000
720 , 15000
1400 , 40000
429 , 5000
1400 , 19000
1863 , 9000
900 , 14500
600 , 22000
888 , 13500
900 , 13000
954 , 12000
750 , 12000
1050 , 15000
1502 , 45000
1300 , 15000
1400 , 9000
1200 , 5000
1082 , 18000
1550 , 27000
1500 , 24000
1700 , 25000
1350 , 21000
1487 , 20000
1844 , 95000
1545 , 18000
1458 , 20000
1500 , 27000
1500 , 25000
220 , 5200
600 , 8000
2000 , 95000
1055 , 20000
1500 , 25000
900 , 15000
800 , 25000
1205 , 12000
2600 , 49000
716 , 7500
1200 , 6500
1100 , 16000
1127 , 12000
960 , 10500
600 , 5500
1600 , 35000
700 , 11000
1100 , 21000
900 , 11000
900 , 10000
800 , 12000
900 , 13000
1280 , 8500
1800 , 24000
500 , 7500
1143 , 10000
1751 , 12000
1141 , 8000
1800 , 30000
700 , 8500
800 , 7500
1150 , 12000
550 , 11000
2400 , 10000
1500 , 7500
600 , 12000
1000 , 15000
1100 , 8000
2350 , 30000
880 , 10000
850 , 16000
1300 , 14500
2500 , 90000
1273 , 25000
800 , 6500
855 , 7000
1050 , 20000
1412 , 15000
600 , 6500
1708 , 30000
1100 , 18000
1350 , 21000
650 , 11500
1000 , 20000
1550 , 32000
650 , 10000
900 , 12000
1300 , 22500
500 , 10000
1300 , 22500
500 , 10000
430 , 9500
438 , 3500
2000 , 20000
1273 , 30000
1250 , 15000
1750 , 15000
450 , 10000
620 , 16000
1350 , 28000
750 , 9500
550 , 8000
847 , 6000
950 , 14000
1200 , 25000
750 , 12000
800 , 11500
1825 , 50000
900 , 12000
390 , 6000
1152 , 16500
2800 , 10000
950 , 7500
1200 , 8000
1166 , 25000
1390 , 20000
650 , 5500
950 , 8500
1000 , 20000
935 , 12000
930 , 13000
1150 , 14000
1350 , 22000
980 , 8000
650 , 7500
1272 , 17000
1704 , 20000
2400 , 14000
2400 , 45000
1120 , 9000
750 , 8000
600 , 10000
2500 , 11200
850 , 10000
980 , 7500
750 , 20000
1340 , 26000
650 , 5000
1150 , 7500
500 , 6500
2400 , 8500
1748 , 23000
950 , 8500
1205 , 13000
2600 , 15000
1481 , 16000
927 , 9000
1000 , 8000
2000 , 9000
3200 , 60000
1200 , 9000
2000 , 38000
501 , 5500
400 , 7000
1000 , 7500
1499 , 30000
500 , 5500
1100 , 16000
1200 , 15000
1565 , 32000
1280 , 16000
1000 , 9500
855 , 12500
1350 , 15000
1500 , 14000
585 , 8500
450 , 9000
2400 , 20000
750 , 16000
900 , 7500
600 , 12000
650 , 10500
1689 , 20000
952 , 8500
1200 , 12000
400 , 6500
750 , 12000
1900 , 8000
1200 , 10000
823 , 7000
2400 , 13500
800 , 7500
600 , 11000
1200 , 13000
1210 , 11000
500 , 7000
600 , 7000
1350 , 14000
1000 , 8000
831 , 7500
1450 , 28000
888 , 16000
1068 , 18000
850 , 15000
912 , 13500
650 , 7500
1100 , 18000
985 , 12500
743 , 7000
1300 , 30000
900 , 20000
2240 , 65000
800 , 5700
1088 , 10000
1000 , 14000
700 , 9000
1155 , 10000
650 , 12500
400 , 9000
2220 , 70000
1500 , 5000
850 , 10000
1559 , 18000
1400 , 31000
1603 , 25000
1950 , 26000
650 , 9500
858 , 5500
1100 , 15000
1400 , 16000
1800 , 13500
750 , 10000
1145 , 24000
1350 , 8000
500 , 10000
1000 , 18000
1400 , 5500
900 , 5500
600 , 12000
900 , 14000
900 , 12000
1000 , 10000
300 , 7500
1200 , 11000
847 , 8000
847 , 8000
1774 , 28000
750 , 12000
940 , 9000
1222 , 11000
1100 , 7500
975 , 9500
1150 , 8000
750 , 15000
1179 , 20000
1249 , 15000
2500 , 20000
450 , 5500
500 , 10000
800 , 11000
2691 , 35000
700 , 9000
1800 , 20000
1100 , 18500
800 , 6500
1850 , 11000
1041 , 15000
1571 , 17500
1000 , 13000
980 , 25000
1450 , 12000
910 , 8000
650 , 5000
1420 , 49000
375 , 6500
650 , 5000
1420 , 49000
375 , 6500
1567 , 30000
1560 , 45000
1100 , 13000
1150 , 9000
1046 , 9500
1400 , 12000
1458 , 22000
920 , 8500
1015 , 33000
850 , 7200
1150 , 16000
2040 , 50000
1120 , 12500
750 , 12000
1352 , 26000
2000 , 40000
600 , 10000
450 , 8000
600 , 10000
1500 , 16000
400 , 6500
1000 , 17500
1300 , 25000
1150 , 12500
1000 , 19000
1282 , 22000
1750 , 12000
900 , 8500
850 , 7500
2820 , 45000
500 , 10000
1600 , 40000
1060 , 8000
2162 , 22500
500 , 7500
2691 , 30000
1578 , 28000
1250 , 11000
700 , 9000
1100 , 18000
900 , 11000
600 , 14000
835 , 15000
914 , 10000
1241 , 20000
600 , 6500
977 , 7500
500 , 13000
1000 , 16000
2624 , 47000
600 , 7500
750 , 12000
850 , 8000
1400 , 22000
2000 , 11000
525 , 9000
1250 , 23000
1360 , 18000
800 , 8500
2200 , 8000
750 , 6500
890 , 10000
800 , 7000
1050 , 20000
900 , 10000
1748 , 25000
731 , 8000
1070 , 10000
1255 , 21000
750 , 5000
533 , 7500
1550 , 20000
550 , 9000
700 , 10000
1200 , 13000
827 , 8000
1145 , 18000
1200 , 11000
1944 , 26000
900 , 14500
1060 , 10500
2400 , 10000
1200 , 17000
1563 , 12000
1000 , 13000
1120 , 20000
580 , 6500
1200 , 11000
2000 , 21000
1398 , 24000
1500 , 30000
2220 , 60000
1450 , 25000
450 , 6000
1700 , 33000
680 , 8500
918 , 13000
2000 , 50000
750 , 10000
350 , 5500
1800 , 6000
890 , 12000
1900 , 25000
950 , 12000
1405 , 13500
1100 , 15000
800 , 12000
250 , 7000
1450 , 22000
2200 , 19000
1560 , 10000
1500 , 12000
650 , 7500
1200 , 15000
1235 , 20000
1252 , 27500
1500 , 25000
1200 , 9000
1720 , 27500
700 , 11000
1200 , 32000
750 , 10000
2020 , 5500
800 , 16000
1040 , 20000
920 , 10000
650 , 6500
1550 , 20000
1050 , 12000
350 , 8000
1929 , 22500
1105 , 15000
400 , 6000
1650 , 55000
1595 , 16000
1850 , 14000
650 , 6500
1210 , 12700
600 , 9500
1800 , 20000
1145 , 23000
850 , 9000
600 , 10500
1443 , 17000
1200 , 13000
1275 , 35000
1776 , 48000
1660 , 51000
1004 , 17000
1200 , 15000
819 , 8000
800 , 9000
650 , 17000
1600 , 18000
700 , 8500
870 , 15000
950 , 18000
2400 , 10000
950 , 30000
1000 , 12000
900 , 14000
1062 , 8000
1174 , 9500
1310 , 19000
750 , 6500
1000 , 12000
912 , 14000
1700 , 29000
650 , 15000
2162 , 22000
1400 , 8000
2432 , 35000
1265 , 25000
1700 , 45000
1265 , 25000
1122 , 20000
2000 , 10000
500 , 10000
807 , 10000
1085 , 16000
970 , 10000
1086 , 13000
2700 , 70000
1265 , 22000
780 , 12000
1200 , 23000
800 , 17000
1404 , 20000
860 , 8000
1400 , 10000
1110 , 13000
900 , 21000
955 , 6000
1450 , 25000
777 , 10000
845 , 13000
1500 , 30000
677 , 9000
940 , 9000
1796 , 38000
2162 , 25000
600 , 5000
983 , 8500
1040 , 16000
1000 , 8000
1636 , 20000
2400 , 8500
625 , 25000
1646 , 27000
950 , 12000
1801 , 15000
1300 , 9000
1636 , 22500
950 , 25000
850 , 20000
1062 , 7000
625 , 25000
420 , 8500
725 , 7300
1115 , 10000
981 , 18000
1027 , 12000
1543 , 26000
1510 , 21000
1000 , 13000
2674 , 50000
1400 , 23000
533 , 6000
500 , 3500
920 , 6500
1250 , 10500
1213 , 14000
1000 , 22000
1100 , 12000
950 , 16000
1000 , 13000
1300 , 25000
1066 , 18000
1500 , 6000
550 , 14000
1143 , 10000
3300 , 10000
550 , 11000
1929 , 25000
600 , 5000
565 , 17000
850 , 12000
900 , 15000
1510 , 22070
885 , 9000
1093 , 18500
1950 , 5500
1626 , 62000
1300 , 18000
1100 , 20000
1148 , 9000
1148 , 15000
1235 , 24000
1986 , 18000
1000 , 10000
3000 , 30000
1000 , 15000
440 , 9500
1000 , 7000
1070 , 10000
1930 , 22000
900 , 8500
600 , 11000
1100 , 21000
750 , 8500
1201 , 23000
820 , 9000
810 , 12000
1100 , 9000
1400 , 23000
1600 , 40000
700 , 9000
1268 , 18000
880 , 10000
550 , 13500
800 , 12000
605 , 6000
880 , 12000
400 , 5500
850 , 8000
700 , 8900
1000 , 10000
1270 , 20000
1000 , 15000
1950 , 25000
1350 , 13000
1000 , 15000
725 , 10000
1100 , 30000
1200 , 16000
1150 , 18000
1650 , 22000
903 , 9500
1200 , 8000
2200 , 18000
1600 , 10000
805 , 9000
2400 , 13000
550 , 7000
1100 , 15000
835 , 8000
2040 , 60000
1200 , 15500
1380 , 25000
750 , 10000
600 , 12000
800 , 9000
400 , 7000
1000 , 25000
1950 , 75000
1288 , 26000
1600 , 85000
2000 , 8000
1454 , 40000
900 , 15000
750 , 7500
1800 , 18000
1200 , 10000
450 , 10000
980 , 11500
1400 , 30000
1500 , 23000
3520 , 35000
650 , 7500
1500 , 15000
1200 , 18000
800 , 16000
450 , 5500
950 , 30000
850 , 10500
3000 , 20000
1210 , 16000
850 , 8500
996 , 10000
2400 , 25000
1250 , 27000
1400 , 16000
1200 , 13000
1221 , 28500
3000 , 60000
1000 , 7500
1825 , 60000
400 , 7500
1740 , 16000
600 , 10000
800 , 16000
1245 , 20000
1000 , 13000
1200 , 11000
1100 , 10000
800 , 12000
1548 , 15000
550 , 4800
1050 , 25000
600 , 10000
650 , 9000
1287 , 8500
880 , 13000
2000 , 90000
1089 , 13000
725 , 12000
2000 , 15000
1145 , 16500
1100 , 8500
1530 , 28000
1240 , 12500
1586 , 20000
1450 , 35000
1250 , 10000
750 , 8000
1700 , 25000
954 , 11000
630 , 12000
2200 , 65000
795 , 8500
1321 , 20000
1700 , 13000
1310 , 10000
1000 , 18000
2400 , 25000
650 , 12000
2000 , 60000
1000 , 15000
1200 , 15000
1048 , 19000
2400 , 17000
850 , 8000
1800 , 10000
550 , 6500
800 , 8500
1288 , 22000
1300 , 15000
950 , 10000
1000 , 8500
720 , 10000
1993 , 18000
750 , 8500
1250 , 25000
1100 , 13000
750 , 7000
1052 , 10000
1234 , 11000
600 , 8000
1245 , 12000
900 , 8500
1944 , 25000
540 , 15000
686 , 16000
906 , 9500
940 , 20000
1106 , 20000
1000 , 11000
1022 , 15000
850 , 15000
2062 , 75000
1200 , 9500
1799 , 35000
900 , 11000
500 , 6000
560 , 6500
1171 , 15000
650 , 11000
750 , 12500
1834 , 25000
1255 , 18000
1030 , 13300
997 , 11000
600 , 15000
430 , 5000
900 , 15000
1970 , 20000
880 , 12500
1500 , 18000
2500 , 90000
600 , 7000
1250 , 9900
1380 , 17000
700 , 8000
1000 , 9000
885 , 17500
310 , 6000
1900 , 45000
534 , 10000
1440 , 13500
1735 , 20000
1300 , 9000
1000 , 18000
1424 , 16000
2400 , 25000
1612 , 13500
1600 , 30000
920 , 13000
1250 , 11000
896 , 15500
750 , 9000
800 , 10500
650 , 6500
800 , 11000
950 , 17000
1280 , 7000
973 , 11000
1000 , 20000
875 , 10000
1582 , 22000
800 , 16000
1275 , 24000
1450 , 50000
700 , 13500
952 , 16000
1700 , 50000
1940 , 20000
700 , 11000
1200 , 25000
1100 , 40000
1250 , 13500
1150 , 9000
900 , 8500
280 , 5000
1600 , 20000
2000 , 55000
1250 , 16000
2400 , 10000
1000 , 13000
800 , 13000
900 , 8000
700 , 8500
1189 , 10000
2000 , 50000
545 , 12000
2400 , 5500
850 , 12000
400 , 5000
1546 , 22000
750 , 6500
850 , 11500
2600 , 35000
1122 , 13500
1795 , 36000
1000 , 15000
928 , 9000
950 , 4500
950 , 14750
500 , 10000
1000 , 15000
1000 , 16500
800 , 8000
1200 , 12000
875 , 12000
500 , 10000
1100 , 17500
1260 , 17000
800 , 10000
1032 , 15000
938 , 12000
1600 , 48000
2500 , 40000
1406 , 15000
1900 , 50000
950 , 9000
800 , 12000
600 , 6000
1400 , 50000
2600 , 10000
1498 , 17500
963 , 7500
891 , 12500
641 , 14000
2743 , 60000
180 , 10000
1155 , 12000
3400 , 22000
2179 , 75000
800 , 7500
300 , 4500
848 , 10000
1500 , 12000
1100 , 22000
1212 , 13000
600 , 5500
920 , 15000
1100 , 25000
130 , 4000
1860 , 53000
450 , 4500
1050 , 15000
1360 , 14000
900 , 9000
1298 , 26000
750 , 66000
1062 , 10000
380 , 10000
1200 , 15000
936 , 8000
850 , 9000
2000 , 23000
1100 , 27000
875 , 10000
850 , 12000
1052 , 9000
700 , 9000
1475 , 13000
1075 , 22000
640 , 6500
1900 , 65000
2277 , 60000
525 , 9500
1150 , 12000
1350 , 20000
900 , 10500
2400 , 15000
1000 , 10000
1653 , 16000
1200 , 8000
625 , 7500
576 , 9750
1055 , 20000
1182 , 22000
500 , 12000
800 , 15000
1500 , 25000
900 , 10000
900 , 18000
594 , 6000
950 , 9000
1200 , 8500
1126 , 10000
900 , 15000
550 , 12500
800 , 25000
1773 , 18000
1205 , 12000
2600 , 49000
1244 , 18000
3500 , 30000
1200 , 10000
2200 , 60000
740 , 10000
900 , 9000
960 , 14000
716 , 7500
1200 , 6500
1100 , 16000
1167 , 27000
1127 , 12000
724 , 7000
960 , 10500
600 , 5500
1600 , 35000
700 , 11000
500 , 8500
890 , 5500
1100 , 21000
915 , 12000
1525 , 25000
3100 , 20000
1500 , 18000
900 , 11000
900 , 10000
450 , 6000
1280 , 8500
800 , 12000
1800 , 24000
1143 , 10000
1751 , 12000
1141 , 8000
2000 , 10000
700 , 7000
850 , 20000
1800 , 30000
700 , 8500
720 , 6000
900 , 16500
1140 , 11500
800 , 7500
2500 , 5500
550 , 7000
1200 , 7500
1800 , 7000
480 , 14000
823 , 13500
1180 , 22000
1800 , 17000
500 , 10500
1531 , 16000
2179 , 90000
1271 , 18000
825 , 10500
1715 , 25000
1000 , 12500
700 , 4500
2400 , 11000
1287 , 23000
1755 , 18000
2661 , 70000
755 , 7000
1000 , 13000
2400 , 12000
900 , 10000
1100 , 13000
2400 , 20000
772 , 8000
2500 , 18000
650 , 6500
621 , 9000
2400 , 9500
1400 , 20000
1350 , 15000
1050 , 9000
1134 , 16000
1050 , 20000
1600 , 6000
1500 , 27000
500 , 3000
600 , 10500
1600 , 14000
1929 , 25000
850 , 10000
884 , 11000
1050 , 14500
912 , 13500
1000 , 20000
700 , 8500
950 , 11000
900 , 7500
1400 , 25000
1500 , 28000
2100 , 7000
950 , 9000
1000 , 21000
1280 , 17000
1000 , 8000
500 , 6000
1040 , 12500
800 , 12500
1300 , 20000
600 , 5000
2580 , 45000
1500 , 16000
1650 , 12000
1323 , 20000
880 , 23000
950 , 17000
1200 , 20000
350 , 4000
1290 , 42000
1500 , 20000
600 , 6000
1200 , 13000
1500 , 15000
700 , 7500
2200 , 27000
1676 , 17000
1033 , 10000
915 , 15500
1050 , 26000
600 , 8000
1400 , 20000
1000 , 11000
1627 , 17000
1761 , 17800
1200 , 13000
1500 , 20000
1262 , 13000
700 , 14000
1605 , 17500
1200 , 1800
940 , 12000
1060 , 13000
1050 , 22500
861 , 10000
1300 , 30000
2000 , 15000
1100 , 8000
600 , 12000
650 , 6000
1000 , 10000
784 , 10000
850 , 10000
1500 , 12500
1150 , 20000
542 , 7000
1789 , 20000
1275 , 30000
800 , 16000
850 , 12000
700 , 10000
1200 , 14000
850 , 8000
980 , 9000
735 , 28000
1236 , 20000
600 , 7000
1150 , 11000
1157 , 12000
900 , 16000
1150 , 8000
1795 , 30000
1200 , 24000
550 , 8000
1000 , 9000
1200 , 9000
945 , 15600
800 , 20000
1280 , 16000
890 , 16000
1006 , 7000
1300 , 32000
1200 , 38000
1050 , 13000
850 , 16500
950 , 15000
1152 , 20000
1880 , 40000
1500 , 30000
1300 , 13500
1072 , 12000
700 , 8500
900 , 13000
1200 , 8000
700 , 6500
1200 , 7500
550 , 10000
700 , 8500
550 , 8000
600 , 6000
750 , 6000
1100 , 16000
1500 , 10000
850 , 20000
1175 , 23000
450 , 3600
1600 , 17000
2400 , 14000
550 , 9000
500 , 7500
1180 , 12000
1050 , 22000
860 , 8000
950 , 11000
1385 , 16000
750 , 11000
1200 , 18000
1100 , 13000
1500 , 13000
758 , 8500
1300 , 16000
2000 , 21000
1499 , 30000
1000 , 17000
1075 , 12000
1800 , 37000
800 , 10500
750 , 13000
1400 , 25000
1250 , 32500
947 , 20000
1100 , 12000
1200 , 42000
1200 , 10500
1641 , 18000
725 , 15000
1300 , 28000
1000 , 10000
1208 , 17000
800 , 13000
700 , 12000
990 , 15000
800 , 2000
1689 , 20000
1300 , 11000
650 , 7000
540 , 6000
100 , 2500
1300 , 17000
952 , 8500
910 , 21000
2000 , 25000
1200 , 12000
750 , 10250
1956 , 27000
600 , 7000
400 , 6500
856 , 19000
750 , 12000
2000 , 15000
700 , 8000
1400 , 21000
700 , 8500
650 , 7000
987 , 14000
1010 , 30000
917 , 5500
1100 , 12000
900 , 10000
1058 , 16000
900 , 8000
2200 , 36000
750 , 8000
1240 , 35000
700 , 8500
220 , 5000
1200 , 15000
700 , 6900
1541 , 18000
1250 , 17000
1500 , 10000
850 , 8000
1000 , 10000
850 , 10000
825 , 12000
850 , 5000
1814 , 15000
1472 , 15000
1789 , 24000
300 , 4500
900 , 11000
760 , 11500
1650 , 23000
2200 , 18000
1000 , 15000
1494 , 26000
1800 , 40000
1375 , 25000
900 , 7500
1400 , 13500
1000 , 12000
550 , 14000
1800 , 20000
1415 , 24000
400 , 8200
650 , 9500
1512 , 6000
1590 , 18000
900 , 10000
950 , 17500
2800 , 21000
806 , 8000
1800 , 60000
1000 , 12000
800 , 13000
550 , 7000
600 , 4000
400 , 7500
1400 , 22000
1619 , 50000
1200 , 7500
1704 , 67000
1100 , 9500
1140 , 12500
1300 , 15000
1600 , 30000
1585 , 25000
1800 , 25000
1233 , 12000
1518 , 19000
371 , 5000
749 , 17000
1000 , 12000
1 , 14000
2000 , 6000
1500 , 8000
1100 , 12000
800 , 15000
1200 , 14000
2400 , 45000
897 , 17000
800 , 16000
2400 , 13000
700 , 11500
1000 , 12000
1052 , 10000
1450 , 22000
750 , 7500
1040 , 15000
1700 , 45000
900 , 8500
1499 , 30000
975 , 12000
1000 , 8500
425 , 5000
1600 , 13000
1165 , 10000
1200 , 15000
2500 , 90000
1300 , 15000
3000 , 80000
950 , 8000
1355 , 8000
1291 , 17000
2400 , 10000
1000 , 7500
3484 , 30000
850 , 12000
1100 , 11500
1500 , 13000
275 , 4000
1250 , 11000
1150 , 12000
1015 , 22000
400 , 12000
829 , 5500
1100 , 7000
1300 , 20500
1100 , 12500
500 , 6000
600 , 8000
1489 , 17000
950 , 9500
1000 , 10000
880 , 12000
3600 , 45000
2000 , 35000
1100 , 10000
1000 , 8000
871 , 9500
625 , 15000
450 , 7000
1600 , 9000
450 , 14000
990 , 14000
2340 , 40000
900 , 10000
2400 , 5000
2000 , 7000
1000 , 10000
1000 , 20000
600 , 6000
751 , 10000
1050 , 14000
1180 , 20000
1900 , 15000
1500 , 13000
1200 , 20000
2400 , 22000
1733 , 19000
1800 , 75000
750 , 9000
800 , 19000
1200 , 25000
240 , 4500
1510 , 13000
1944 , 22000
1200 , 9000
1100 , 15000
950 , 13000
909 , 10000
1924 , 18000
925 , 16000
1800 , 10000
3200 , 30000
1745 , 15000
1850 , 40000
900 , 15000
670 , 9500
2880 , 55000
1500 , 15000
1500 , 15000
1100 , 13000
750 , 10000
1200 , 3500
1054 , 7500
1250 , 11000
1336 , 27000
2079 , 20000
610 , 7000
1200 , 30000
950 , 11000
1300 , 20000
2100 , 75000
1350 , 27500
1200 , 15000
950 , 14000
500 , 6000
854 , 9000
1200 , 15000
3600 , 60000
1650 , 10000
1628 , 10000
500 , 10000
1049 , 12500
650 , 20000
620 , 11000
2400 , 5500
1700 , 45000
1147 , 25000
1750 , 35000
1675 , 45000
900 , 7500
3000 , 19000
900 , 7600
1650 , 25000
1198 , 20000
1000 , 12000
1640 , 22000
936 , 9000
1230 , 15000
2400 , 45000
1000 , 30000
1500 , 10000
1100 , 12000
1034 , 30000
1350 , 19000
900 , 7500
1000 , 11000
800 , 9500
1200 , 6000
950 , 5500
975 , 7000
1200 , 10000
1205 , 11500
1100 , 14000
400 , 5500
1350 , 8500
1000 , 20000
783 , 10000
2400 , 26000
864 , 7500
1000 , 30000
1000 , 8000
1468 , 14000
1230 , 25000
500 , 7500
1350 , 10000
1600 , 8000
1000 , 17000
685 , 21000
900 , 13000
1043 , 12000
900 , 15000
447 , 6000
2200 , 90000
1340 , 15000
899 , 13000
720 , 6000
968 , 19000
715 , 7000
1107 , 15000
1909 , 22000
1368 , 12000
918 , 12000
850 , 10000
640 , 6500
1500 , 9000
800 , 15000
650 , 12000
650 , 9000
1800 , 9000
1000 , 11000
600 , 11000
889 , 12500
800 , 14000
620 , 8000
1926 , 15000
1287 , 18000
1040 , 8500
500 , 7500
1000 , 7500
2400 , 7500
900 , 9000
1800 , 25000
600 , 6500
1755 , 25000
1500 , 5000
550 , 8500
1508 , 15000
700 , 12000
1200 , 12000
1200 , 12000
2200 , 42500
1200 , 15000
860 , 15000
2000 , 33000
2064 , 15000
800 , 12000
1200 , 12000
1260 , 12000
1481 , 15000
1000 , 8500
450 , 6500
1500 , 35000
1200 , 18000
650 , 15000
1208 , 8000
1125 , 20000
650 , 7000
1221 , 18000
2400 , 15000
1196 , 8000
1047 , 20000
1200 , 25000
750 , 10000
1150 , 20000
1150 , 20000
2000 , 25000
350 , 7000
500 , 8500
1118 , 25000
1127 , 28000
900 , 10000
1000 , 18000
1739 , 18000
1025 , 16000
2400 , 15000
950 , 12500
953 , 14000
500 , 8000
1025 , 16000
1200 , 16500
1454 , 12500
860 , 10000
1100 , 5000
1400 , 22000
820 , 10000
1200 , 25000
740 , 15000
1100 , 15500
1200 , 10000
1200 , 14000
1150 , 6000
1000 , 7200
750 , 8000
917 , 20000
1045 , 12000
2646 , 15000
650 , 9500
1650 , 20000
900 , 7000
890 , 10000
1100 , 17000
780 , 10000
850 , 9000
500 , 8000
1303 , 16000
2400 , 9000
1000 , 26000
800 , 12000
960 , 14000
1009 , 14000
3500 , 55000
1300 , 26999
900 , 14000
1250 , 8000
1200 , 20000
700 , 14000
800 , 6500
1200 , 7500
1900 , 27000
1280 , 15000
1800 , 26000
2000 , 8000
2500 , 65000
600 , 10000
3300 , 12000
600 , 11500
1200 , 15000
650 , 13000
700 , 14000
939 , 9000
1212 , 12000
1080 , 11000
1793 , 20000
1600 , 10000
809 , 11000
150 , 6000
2400 , 12000
950 , 15000
1078 , 9000
1200 , 15000
800 , 9000
1200 , 10000
2400 , 8000
1000 , 13500
1600 , 21000
1500 , 14000
1400 , 12000
450 , 6000
470 , 4500
351 , 5000
350 , 5000
1200 , 16000
950 , 16000
1500 , 17000
1510 , 15000
1260 , 21000
750 , 5500
500 , 7000
960 , 13000
1375 , 8000
1300 , 12000
1300 , 32000
900 , 9000
550 , 7000
400 , 8000
1900 , 30000
1000 , 6500
750 , 11000
1528 , 40000
1200 , 20000
1500 , 7500
1200 , 18000
1025 , 18000
1250 , 10000
500 , 6000
850 , 5500
750 , 8500
970 , 15000
600 , 5500
1211 , 12000
800 , 4500
600 , 7000
1300 , 17000
400 , 8000
900 , 13000
880 , 9000
800 , 22000
750 , 15000
550 , 9000
800 , 11000
550 , 9000
350 , 10000
572 , 9000
1357 , 18000
1360 , 13000
1420 , 18500
1000 , 15000
1200 , 30000
1050 , 16000
900 , 12500
1469 , 17000
730 , 9000
600 , 7500
1200 , 17000
1020 , 17000
1200 , 36000
1000 , 9000
1400 , 25000
1200 , 19000
1800 , 18000
1050 , 22000
1230 , 12500
800 , 12000
2400 , 9500
1070 , 14000
500 , 9000
500 , 9000
850 , 9000
875 , 14000
1050 , 22000
1250 , 15000
1050 , 12000
800 , 10000
860 , 20000
850 , 10500
900 , 10500
2500 , 18000
1200 , 16000
1200 , 8000
1050 , 16000
1050 , 16000
763 , 14000
715 , 6500
1259 , 15000
2000 , 20000
1200 , 15000
800 , 18000
990 , 10000
1332 , 20000
695 , 6500
1400 , 40000
1359 , 16000
700 , 6500
990 , 25000
980 , 13000
1710 , 20000
950 , 12500
900 , 12000
1050 , 14000
1060 , 13000
1211 , 13000
1062 , 15000
2400 , 40000
1200 , 12000
580 , 12750
850 , 12500
1324 , 15000
1200 , 15000
500 , 4000
2180 , 30000
1000 , 23000
550 , 15000
910 , 15000
950 , 15900
1200 , 16000
65 , 9000
800 , 14000
900 , 12000
800 , 10000
1485 , 30000
1019 , 18000
1040 , 11000
850 , 8000
850 , 8000
900 , 9000
1250 , 20000
900 , 14000
1300 , 10000
985 , 14000
1020 , 20000
900 , 9000
1100 , 16000
1000 , 12500
984 , 14000
981 , 18000
1027 , 12000
2674 , 50000
1400 , 23000
500 , 3500
1250 , 10500
1300 , 25000
1708 , 30000
1199 , 17000
1143 , 10000
3300 , 10000
550 , 11000
565 , 17000
850 , 12000
885 , 9000
1093 , 18500
1950 , 5500
1626 , 62000
1100 , 20000
1148 , 9000
1148 , 15000
1986 , 18000
996 , 11000
650 , 11000
650 , 6500
895 , 10000
1300 , 8500
1000 , 10000
780 , 11500
1423 , 17000
1800 , 12000
1340 , 18000
2396 , 45000
1900 , 28000
1513 , 38500
955 , 12000
1400 , 39000
1100 , 27000
550 , 7500
1670 , 44000
750 , 12000
950 , 15000
450 , 8500
1300 , 17500
2400 , 45000
1200 , 17000
3000 , 35000
1138 , 16500
800 , 6700
1000 , 25000
925 , 12000
1050 , 11000
600 , 14000
450 , 4000
1200 , 6500
1255 , 15000
1255 , 15000
1800 , 17000
1100 , 10000
900 , 16500
1709 , 35000
600 , 8000
900 , 9000
2400 , 11000
1080 , 14000
1500 , 25000
974 , 16500
2400 , 20000
1419 , 16000
700 , 8000
600 , 15000
1100 , 20000
1225 , 16000
635 , 6500
830 , 10000
1962 , 20000
300 , 4000
1000 , 11000
500 , 14500
850 , 9000
858 , 11000
400 , 9500
880 , 20000
663 , 12000
2400 , 10000
1800 , 9000
750 , 14000
800 , 8000
600 , 10000
940 , 8000
2400 , 18000
1020 , 17000
2400 , 13000
800 , 15000
350 , 9000
1800 , 35000
950 , 9000
650 , 6000
150 , 5000
1200 , 10000
1800 , 12500
1200 , 22000
1916 , 33000
700 , 26000
890 , 9000
978 , 8000
1100 , 9000
350 , 10000
2000 , 15000
998 , 14000
2800 , 12000
300 , 6250
1300 , 20000
900 , 8550
1300 , 14000
610 , 9000
850 , 8500
2200 , 75000
850 , 10000
900 , 12000
450 , 7200
780 , 12000
1356 , 15000
800 , 13000
1400 , 18000
1729 , 18000
500 , 5500
580 , 7000
1500 , 16000
900 , 10000
870 , 13000
1555 , 14000
1200 , 32000
1000 , 15000
1000 , 18000
2400 , 12000
1050 , 13000
650 , 8500
1000 , 10000
800 , 8000
150 , 3000
400 , 20000
622 , 12000
1220 , 20000
965 , 12500
900 , 15000
1000 , 24000
450 , 6000
720 , 6000
1484 , 15000
1400 , 40000
900 , 4500
920 , 12000
775 , 10500
695 , 12000
670 , 8500
1065 , 10500
1500 , 15000
1100 , 15000
875 , 12000
1100 , 23000
1000 , 30000
1100 , 20000
1334 , 14501
1350 , 14499
1350 , 16000
1200 , 12000
900 , 15000
1694 , 17000
600 , 6000
1000 , 13000
750 , 16000
1400 , 37000
1433 , 16000
765 , 7500
700 , 6500
350 , 6500
940 , 10000
1320 , 18000
931 , 15000
1000 , 8500
790 , 12000
620 , 8600
1000 , 8000
600 , 8500
750 , 18000
1110 , 16000
859 , 9000
1000 , 9000
1295 , 15000
980 , 11500
900 , 13000
875 , 12000
646 , 6500
950 , 7500
997 , 8500
769 , 9500
1200 , 10000
850 , 13000
700 , 4800
2400 , 7500
650 , 7500
700 , 12000
900 , 13000
875 , 12000
646 , 6500
950 , 7500
997 , 8500
769 , 9500
1200 , 10000
850 , 13000
700 , 4800
2400 , 7500
650 , 7500
700 , 12000
900 , 9000
836 , 14000
803 , 8000
1353 , 12000
900 , 13500
1450 , 12000
1000 , 20000
2000 , 15000
735 , 8000
1000 , 12000
900 , 10000
1363 , 40000
550 , 7000
1000 , 11000
1000 , 5000
1205 , 23000
1276 , 12000
800 , 8000
1000 , 10000
1400 , 30000
1200 , 8000
950 , 10000
1600 , 15000
3000 , 30000
1000 , 15000
859 , 9000
1625 , 18000
1000 , 22500
831 , 15000
1000 , 8000
1062 , 15000
660 , 9000
440 , 9500
1000 , 7000
1070 , 10000
1930 , 22000
1825 , 60000
3 , 9000
1250 , 22000
900 , 8500
700 , 9500
1100 , 7500
2474 , 52000
1200 , 13000
1500 , 50000
1100 , 8000
1500 , 14000
600 , 11000
1262 , 18000
928 , 11000
1100 , 21000
545 , 5000
1200 , 20000
750 , 8500
765 , 11000
1201 , 23000
1200 , 7500
550 , 11000
1036 , 14000
500 , 6500
500 , 11000
820 , 9000
1500 , 6500
1200 , 17000
1000 , 15000
1900 , 12500
1800 , 17000
2100 , 6000
1600 , 17000
965 , 15000
550 , 7000
1200 , 9000
940 , 11000
810 , 12000
760 , 12000
1100 , 9000
1100 , 10000
794 , 10000
1400 , 23000
1600 , 40000
650 , 11000
600 , 8000
1900 , 50000
800 , 16000
1400 , 12000
1317 , 13000
940 , 40000
1883 , 70000
1268 , 18000
565 , 8500
880 , 10000
1800 , 8000
550 , 13500
800 , 12000
1586 , 21000
2400 , 6000
605 , 6000
880 , 12000
400 , 5500
1309 , 18000
2000 , 12000
1100 , 15000
700 , 6500
2400 , 25000
850 , 8000
1100 , 30000
900 , 15000
600 , 7500
1100 , 9000
1200 , 8000
600 , 7000
530 , 9000
1161 , 14000
1100 , 15500
1528 , 33000
650 , 7500
845 , 9000
450 , 9000
600 , 9000
2000 , 30000
800 , 12000
1100 , 8500
1100 , 8500
600 , 10000
990 , 15000
800 , 2000
1300 , 11000
650 , 7000
540 , 6000
100 , 2500
1300 , 17000
910 , 21000
750 , 10250
1956 , 27000
600 , 7000
900 , 15000
1250 , 25000
1050 , 15000
750 , 7500
1228 , 11000
800 , 8000
1500 , 15000
800 , 13000
800 , 13000
550 , 6000
1050 , 11000
1000 , 10000
750 , 8000
950 , 28000
1739 , 15000
1400 , 23000
1200 , 15000
640 , 6000
1200 , 12500
990 , 15000
800 , 7000
1126 , 16000
1200 , 6000
930 , 12000
900 , 25000
601 , 12500
900 , 8500
1100 , 16000
1170 , 26500
1365 , 24000
1205 , 25000
800 , 10000
1100 , 8500
900 , 7500
1200 , 9500
2400 , 75000
900 , 25000
550 , 6000
1800 , 15000
1200 , 7000
1900 , 30000
1000 , 10000
1100 , 13000
1425 , 15000
1200 , 7000
2200 , 9500
1000 , 15000
1000 , 9000
800 , 4500
950 , 18000
330 , 7000
1700 , 16000
1048 , 20000
1250 , 20000
1210 , 13500
857 , 12500
1454 , 40000
2400 , 16000
900 , 15000
1010 , 11000
2190 , 12000
960 , 12000
785 , 7500
500 , 8500
2100 , 13000
1600 , 21500
956 , 8000
950 , 7900
850 , 8500
1200 , 8999
750 , 7500
1200 , 12000
850 , 12000
800 , 16000
1800 , 18000
1200 , 10000
450 , 10000
980 , 11500
600 , 7000
500 , 6500
1600 , 11500
1546 , 20000
3520 , 35000
935 , 10000
650 , 7500
2400 , 15000
450 , 5500
1200 , 10000
850 , 10500
3000 , 20000
1800 , 20000
1415 , 35000
1210 , 16000
2400 , 55000
1024 , 10000
1500 , 9000
300 , 5000
850 , 8500
996 , 10000
2400 , 25000
850 , 35000
1400 , 16000
1250 , 27000
1200 , 16000
974 , 10500
1500 , 24000
860 , 7000
1150 , 16000
1200 , 13000
600 , 16000
1221 , 28500
1000 , 7500
3000 , 60000
1550 , 16000
1800 , 22000
3000 , 60000
1000 , 7500
1550 , 16000
1800 , 22000
1200 , 12000
800 , 13000
800 , 8500
675 , 12000
1100 , 12000
1000 , 8500
815 , 10000
950 , 10500
1320 , 15000
1200 , 18000
1140 , 23000
910 , 72000
850 , 15000
1100 , 17000
600 , 5500
1200 , 30000
1350 , 20000
1600 , 35000
1261 , 13000
720 , 6000
1633 , 21000
916 , 18000
1200 , 12000
836 , 14000
1200 , 18000
800 , 10000
1220 , 18000
1580 , 55000
970 , 12000
1357 , 30000
1265 , 13000
900 , 10000
945 , 10000
740 , 8000
1738 , 16000
1800 , 4500
1800 , 5500
1800 , 15000
1820 , 24000
960 , 14500
500 , 6500
752 , 6000
1042 , 16000
400 , 9000
895 , 13000
1380 , 12000
860 , 9000
550 , 6000
800 , 12000
1500 , 11000
458 , 12000
930 , 12000
1605 , 25000
800 , 20000
300 , 4500
2086 , 25000
950 , 12000
950 , 10000
1075 , 15000
1200 , 15000
2050 , 20000
1051 , 15000
1350 , 10000
1605 , 9000
700 , 13000
2000 , 5000
950 , 7500
1000 , 10000
2500 , 40000
1400 , 14000
2880 , 15000
1200 , 25000
600 , 15000
1060 , 11000
2000 , 13000
2400 , 25000
954 , 11000
630 , 12000
700 , 8000
250 , 4500
2000 , 20000
700 , 8500
1831 , 28000
2500 , 60000
1200 , 8000
1170 , 25000
1210 , 25000
795 , 8500
1200 , 5500
1559 , 17000
1500 , 15000
1550 , 17000
1062 , 15000
875 , 12000
950 , 17000
1321 , 20000
1700 , 13000
1310 , 10000
1000 , 18000
200 , 7500
1500 , 14000
650 , 12000
700 , 11000
2000 , 60000
1020 , 5000
2400 , 12000
950 , 12000
1000 , 15000
1200 , 12000
2000 , 50000
600 , 10500
2400 , 20000
1200 , 15000
700 , 10000
760 , 11000
1650 , 45000
1123 , 10500
1048 , 19000
845 , 11000
750 , 8500
460 , 6000
1450 , 41760
550 , 8500
2400 , 17000
850 , 8000
3005 , 22000
1500 , 15500
1800 , 10000
550 , 6500
1100 , 20000
1213 , 37000
750 , 12500
700 , 9500
1200 , 13500
800 , 8500
1300 , 15000
1100 , 16000
2000 , 25000
1300 , 12000
950 , 12000
950 , 10000
1200 , 19000
450 , 11000
700 , 18000
1000 , 8500
720 , 10000
600 , 3500
450 , 9000
2100 , 6000
2400 , 11000
1993 , 18000
777 , 14000
750 , 8500
1250 , 25000
1200 , 12500
1100 , 13000
1170 , 15000
1001 , 16000
450 , 8000
1279 , 25000
1859 , 23500
850 , 10200
1040 , 15000
893 , 12000
1000 , 15000
1383 , 16000
300 , 4500
1000 , 35000
1200 , 12000
715 , 6500
800 , 18000
990 , 10000
695 , 6500
990 , 25000
980 , 13000
950 , 12500
1060 , 13000
1200 , 12000
1450 , 16000
1200 , 12000
1600 , 15000
1324 , 15000
1200 , 16000
550 , 15000
910 , 15000
950 , 15900
1200 , 16000
65 , 9000
800 , 14000
900 , 12000
850 , 8000
1200 , 18000
1250 , 20000
900 , 14000
1300 , 10000
985 , 14000
1020 , 20000
1000 , 12500
970 , 11000
1100 , 12000
1592 , 42000
1000 , 10000
1100 , 15000
1600 , 24000
900 , 11000
700 , 14000
1100 , 22000
1020 , 5000
1100 , 12000
879 , 10000
1950 , 14000
1500 , 15000
1300 , 18000
2000 , 20000
350 , 10000
850 , 13000
900 , 10000
1100 , 15000
1500 , 42000
2500 , 20000
1395 , 21000
470 , 5500
1200 , 25000
1200 , 13000
696 , 9500
800 , 12000
1500 , 32000
1200 , 15000
800 , 13500
905 , 25000
750 , 7500
650 , 15000
1100 , 7500
500 , 10000
650 , 6000
854 , 7500
220 , 5000
1300 , 10000
1700 , 10500
1170 , 8500
985 , 12500
1600 , 10000
800 , 15000
980 , 14000
350 , 3800
850 , 17000
800 , 7000
2000 , 21000
1200 , 8000
1000 , 6500
1450 , 20000
750 , 12000
1500 , 35000
1100 , 10000
1300 , 45000
1319 , 11000
250 , 2000
250 , 4500
1550 , 23000
534 , 5000
1275 , 25000
1100 , 10000
2400 , 20000
450 , 9000
1800 , 24000
550 , 5500
886 , 13500
1069 , 11000
1500 , 13000
2508 , 50000
840 , 11500
1200 , 18000
2100 , 8000
800 , 6000
1200 , 8500
580 , 10000
1100 , 18000
720 , 7000
980 , 20000
450 , 5000
300 , 4000
1200 , 14000
800 , 8000
1484 , 15000
900 , 4500
775 , 10500
695 , 12000
670 , 8500
1065 , 10500
1500 , 15000
2750 , 45000
800 , 6500
1100 , 23000
1350 , 16000
1200 , 12000
900 , 15000
1694 , 17000
1000 , 13000
750 , 16000
1400 , 37000
1433 , 16000
936 , 8000
936 , 8000
350 , 6500
1320 , 18000
931 , 15000
1000 , 8500
620 , 8600
1000 , 8000
1356 , 15000
1110 , 16000
1000 , 9000
1295 , 15000
1600 , 17000
750 , 5000
905 , 18000
917 , 7500
1300 , 16000
500 , 6000
1200 , 16500
2040 , 60000
700 , 6500
1200 , 12000
1050 , 10000
640 , 9000
1041 , 25000
600 , 10000
2400 , 50000
950 , 9500
2400 , 10500
1000 , 17000
1200 , 15000
900 , 13500
1159 , 20000
1200 , 22000
1200 , 14000
872 , 6500
1518 , 18000
1300 , 17000
2400 , 9000
1010 , 12000
1800 , 8000
400 , 7000
2000 , 6000
547 , 8000
2400 , 15000
320 , 5000
1250 , 13000
750 , 5900
1066 , 20000
1012 , 15000
720 , 6200
1300 , 7500
900 , 8000
300 , 6000
1859 , 45000
1253 , 25000
1600 , 17500
975 , 17000
1600 , 30000
1608 , 15000
1804 , 45000
1800 , 15000
700 , 6500
1710 , 25000
600 , 7500
730 , 12000
1505 , 22000
1100 , 11000
1150 , 10000
1150 , 20000
850 , 8000
1300 , 18000
1400 , 20000
2000 , 8000
350 , 8000
1781 , 30000
750 , 13000
676 , 8500
600 , 9000
650 , 7000
650 , 7500
1200 , 5500
750 , 8000
750 , 6500
1350 , 16000
850 , 6000
500 , 2500
1270 , 20000
1000 , 12500
1500 , 25000
800 , 11000
800 , 9000
930 , 10000
1265 , 20000
1726 , 18000
1000 , 6500
1174 , 30000
1889 , 30000
1345 , 26000
760 , 7500
980 , 5500
1000 , 25000
773 , 15000
1200 , 28000
717 , 10000
1152 , 12000
1200 , 5000
1244 , 15000
1231 , 17000
600 , 7000
500 , 10000
3300 , 80000
900 , 10000
870 , 7500
200 , 4500
700 , 4500
1200 , 13000
1200 , 25000
1500 , 14000
1253 , 26000
1300 , 13500
650 , 13000
750 , 5500
1515 , 35000
750 , 7500
1080 , 11000
1200 , 11000
3000 , 40000
750 , 10000
1300 , 8250
500 , 6500
500 , 10000
650 , 7500
809 , 15001
1061 , 13000
560 , 11000
1500 , 10000
887 , 7600
850 , 11500
1559 , 17000
580 , 10000
1600 , 22000
1092 , 10000
900 , 16000
800 , 7000
2300 , 38000
805 , 9000
1270 , 20000
2400 , 3000
700 , 4000
1800 , 7500
2400 , 30000
2000 , 10000
1300 , 20000
400 , 7500
1772 , 21000
2800 , 75000
527 , 6500
2000 , 14000
1148 , 14000
700 , 7500
1000 , 11000
1245 , 10000
400 , 4000
1200 , 13000
900 , 12000
650 , 8500
750 , 12000
820 , 9000
800 , 4000
400 , 7000
1000 , 6000
650 , 8000
2912 , 35000
600 , 8000
600 , 10500
980 , 13000
920 , 8000
600 , 11000
1000 , 9500
2000 , 15000
850 , 8500
1000 , 18000
2525 , 40000
570 , 10000
1418 , 26000
1453 , 20000
3350 , 13000
600 , 8500
1500 , 50000
709 , 8000
950 , 7000
700 , 5000
900 , 7500
1000 , 8500
1733 , 18000
909 , 13000
1000 , 9000
650 , 14000
1500 , 5000
820 , 7000
1000 , 10000
1500 , 9000
996 , 7000
1025 , 13000
3180 , 10000
1800 , 10000
600 , 7500
750 , 19000
1200 , 22000
640 , 5000
1720 , 25000
2400 , 27000
1500 , 5000
820 , 7000
1500 , 9000
996 , 7000
1025 , 13000
3180 , 10000
600 , 7500
750 , 19000
1200 , 22000
640 , 5000
1720 , 25000
1900 , 60000
500 , 7000
600 , 9500
850 , 20000
100 , 6000
800 , 13000
700 , 15000
700 , 6500
200 , 8000
876 , 9000
700 , 8500
1200 , 12000
1200 , 16000
1650 , 25000
1100 , 10000
2000 , 13000
700 , 8000
250 , 4500
2000 , 20000
700 , 8500
1831 , 28000
2500 , 60000
1200 , 8000
1170 , 25000
1210 , 25000
1200 , 15000
750 , 8000
1200 , 5500
1559 , 17000
1309 , 18000
1500 , 15000
1550 , 17000
1062 , 15000
875 , 12000
950 , 17000
811 , 17000
980 , 20000
200 , 7500
700 , 11000
1250 , 25000
2400 , 5000
2400 , 12000
950 , 12000
1800 , 30000
1000 , 17000
2000 , 50000
2400 , 20000
700 , 10000
760 , 11000
1650 , 45000
345 , 6000
1123 , 10500
750 , 16000
845 , 11000
750 , 8500
460 , 6000
1450 , 41760
550 , 8500
3005 , 22000
1500 , 15500
1100 , 20000
1213 , 37000
750 , 12500
700 , 9500
1200 , 13500
700 , 18000
1100 , 16000
2000 , 25000
1300 , 12000
950 , 12000
1200 , 19000
450 , 11000
600 , 3500
2400 , 9000
715 , 20000
1700 , 29000
600 , 8000
3200 , 30000
1000 , 10500
885 , 12000
320 , 6000
1000 , 30000
1100 , 18000
450 , 20000
1200 , 16000
800 , 18000
800 , 6500
1400 , 10000
1500 , 25000
1000 , 15500
1040 , 10000
500 , 6000
1253 , 28000
900 , 20000
1500 , 10500
570 , 6000
500 , 8000
2400 , 30000
1200 , 12000
600 , 6000
1800 , 16000
800 , 7500
1050 , 16000
1427 , 25000
1400 , 19000
1515 , 13500
1250 , 11000
1200 , 40000
3000 , 90000
1400 , 20000
950 , 15000
600 , 4500
600 , 11500
1775 , 25000
1100 , 15000
550 , 5500
550 , 5500
1100 , 13000
905 , 26000
1200 , 15000
1799 , 30000
1050 , 8300
1290 , 15000
1035 , 19000
1000 , 10000
1400 , 40000
2000 , 15000
1160 , 14000
1200 , 17000
1040 , 22000
2238 , 30000
950 , 10000
625 , 7500
1300 , 8000
1253 , 24000
600 , 11000
12 , 12000
1920 , 60000
1040 , 8000
1113 , 16000
1113 , 16000
943 , 8000
900 , 8000
1427 , 20000
900 , 32000
1571 , 21000
900 , 15000
975 , 12000
800 , 15000
600 , 5500
800 , 4000
600 , 12000
1385 , 18000
2400 , 35000
400 , 4500
1100 , 11000
1282 , 15000
983 , 11000
850 , 14000
915 , 8000
800 , 9500
850 , 6000
743 , 15000
855 , 14500
915 , 8000
1370 , 16000
1400 , 30000
845 , 8500
1200 , 10000
2339 , 10000
826 , 17000
1000 , 13000
905 , 25000
1223 , 20000
2400 , 7500
610 , 6500
1750 , 16000
900 , 9000
700 , 5000
817 , 12000
850 , 20000
1085 , 7500
1200 , 13000
1300 , 15000
935 , 14000
1399 , 25000
978 , 9000
1800 , 10000
1200 , 30000
1500 , 39000
400 , 4700
1500 , 18000
400 , 5000
1000 , 10000
900 , 8500
480 , 10500
500 , 10000
600 , 7000
900 , 10000
1750 , 24000
1584 , 30000
1500 , 5500
530 , 9000
650 , 10500
1000 , 7500
690 , 5500
625 , 6500
1100 , 20000
1000 , 9500
990 , 7000
1650 , 7000
1300 , 9000
1000 , 11000
900 , 10000
1200 , 16000
1000 , 10000
480 , 10500
450 , 6000
500 , 10000
600 , 7000
900 , 10000
1750 , 24000
2400 , 10500
530 , 9000
650 , 10500
1000 , 7500
690 , 5500
625 , 6500
1010 , 12000
650 , 4000
1100 , 20000
1000 , 9500
990 , 7000
1650 , 7000
1300 , 9000
1000 , 11000
2339 , 10000
900 , 10000
1200 , 16000
700 , 8000
450 , 6500
1500 , 20000
950 , 20000
1361 , 7500
2400 , 22000
1000 , 12000
600 , 9000
1100 , 12500
1400 , 7500
1100 , 12500
1600 , 40000
1260 , 13000
850 , 10000
750 , 15000
3750 , 30000
1050 , 12000
2400 , 10500
800 , 10000
800 , 10000
850 , 17500
2121 , 47000
900 , 10500
1500 , 20000
720 , 8500
1640 , 20000
920 , 10000
601 , 9000
880 , 12000
600 , 5000
906 , 16000
1254 , 11000
950 , 16000
1450 , 25000
1500 , 20000
762 , 10000
750 , 8000
1127 , 20000
615 , 5250
500 , 6500
3000 , 15000
1500 , 13000
1200 , 7500
2000 , 15000
1112 , 29000
2800 , 70000
1500 , 25000
800 , 8000
1300 , 15000
1479 , 21000
1075 , 6000
1000 , 9000
449 , 12000
1800 , 11000
640 , 6000
1150 , 12000
1000 , 11000
1065 , 22000
550 , 5000
810 , 9500
1439 , 14000
850 , 10000
1000 , 10000
2200 , 15000
1100 , 13000
850 , 9500
900 , 30000
1600 , 22000
1432 , 25000
1000 , 15000
677 , 40000
907 , 7000
1454 , 16500
1100 , 20000
872 , 6500
2400 , 6500
2000 , 12000
945 , 11000
1250 , 11500
1063 , 12000
2200 , 22000
1055 , 12500
2570 , 20000
1388 , 10000
1200 , 10000
1370 , 14000
850 , 9500
850 , 8500
1500 , 14500
2400 , 12500
1000 , 10000
1050 , 12500
700 , 17000
1200 , 15000
1300 , 14500
1100 , 9500
710 , 7000
900 , 15000
960 , 8000
1200 , 20000
2400 , 5500
1200 , 13000
400 , 6500
1152 , 20000
1365 , 12000
3600 , 8000
1000 , 20000
1000 , 2500
700 , 7500
2100 , 32000
2000 , 45000
1518 , 16000
850 , 14000
400 , 6000
1000 , 12000
1000 , 17000
2600 , 70000
1365 , 7000
1500 , 16000
1550 , 18000
1619 , 50000
900 , 21000
1600 , 13000
1200 , 30000
900 , 12000
1072 , 12000
1785 , 5000
650 , 10000
1500 , 15000
1200 , 20000
854 , 8500
1530 , 30000
1041 , 23000
2023 , 60000
900 , 20000
2000 , 32000
1200 , 23000
1200 , 16500
950 , 12000
1 , 6000
1200 , 25000
1325 , 25000
900 , 13000
450 , 7000
345 , 6000
2000 , 27000
1880 , 40000
1424 , 17250
1500 , 30000
1800 , 14000
1300 , 13500
666 , 15000
1200 , 11000
700 , 6000
800 , 10000
500 , 5000
700 , 6500
1200 , 7500
960 , 10000
550 , 10000
550 , 8000
1000 , 30000
2500 , 42000
900 , 7000
550 , 7700
800 , 7000
2750 , 18000
1800 , 14000
1300 , 13500
1200 , 11000
700 , 6000
1050 , 6000
800 , 10000
500 , 5000
700 , 6500
1200 , 7500
960 , 10000
550 , 10000
550 , 8000
2500 , 42000
815 , 20000
900 , 7000
550 , 7700
947 , 20000
2750 , 18000
1800 , 14000
650 , 15000
800 , 7000
2500 , 33000
1500 , 10000
2100 , 12000
1100 , 13000
1499 , 30000
500 , 6750
1200 , 8500
1546 , 23000
947 , 17000
2200 , 35000
1124 , 18000
800 , 13500
2270 , 35000
2236 , 40000
650 , 7500
500 , 6300
1000 , 17000
700 , 7000
600 , 6500
1010 , 12000
2752 , 60000
1611 , 18000
1400 , 25000
1200 , 14000
1200 , 42000
1641 , 18000
1200 , 15000
1200 , 15000
1000 , 10000
800 , 13000
1180 , 19000
800 , 6000
848 , 10000
1600 , 10000
700 , 10000
3100 , 10000
650 , 12000
1564 , 22000
1800 , 14500
600 , 7000
650 , 7800
435 , 5000
800 , 13000
1098 , 10500
1454 , 22000
800 , 6500
1170 , 10000
1035 , 10000
2200 , 20000
900 , 35000
700 , 7500
1004 , 15000
1200 , 15000
1181 , 15000
1550 , 40000
2200 , 12000
1300 , 13000
620 , 9000
400 , 9000
1719 , 20000
800 , 17000
600 , 4500
2700 , 70000
2100 , 7500
1800 , 55000
1006 , 12500
1062 , 19000
815 , 20000
1000 , 20000
900 , 8200
1250 , 13000
1040 , 9500
1000 , 7500
967 , 17000
1500 , 9000
1708 , 29000
1600 , 12000
800 , 12000
1300 , 32000
2100 , 12000
60 , 20000
1350 , 14500
750 , 6500
750 , 7500
1520 , 12000
1000 , 11000
1850 , 16000
900 , 25000
3170 , 50000
600 , 5500
1000 , 10000
900 , 8000
1708 , 29000
800 , 12000
2400 , 10000
1300 , 32000
60 , 20000
1350 , 14500
750 , 6500
750 , 7500
1520 , 12000
1000 , 14000
1000 , 11000
1850 , 16000
650 , 7500
1000 , 11500
1000 , 10000
900 , 8000
600 , 6000
1800 , 25000
2600 , 70000
650 , 7800
1400 , 13500
850 , 9000
1800 , 20000
450 , 7000
550 , 14000
1415 , 24000
3000 , 25000
850 , 8000
2400 , 10000
1415 , 24000
1100 , 13000
750 , 8000
1005 , 12500
1000 , 10000
800 , 8000
1200 , 19000
900 , 9500
1000 , 22000
800 , 11000
1290 , 15000
1200 , 18500
1255 , 70000
2200 , 85000
1000 , 10500
500 , 5500
1650 , 32000
1200 , 16000
1300 , 12000
1100 , 11000
1148 , 15000
450 , 7000
1062 , 11000
3030 , 10000
565 , 9000
950 , 20000
1100 , 13500
1650 , 17000
720 , 12000
900 , 8500
1500 , 3565
700 , 12000
2400 , 6500
300 , 6000
1100 , 14500
750 , 10000
800 , 7000
1050 , 16000
740 , 7000
1947 , 30000
1214 , 20000
2400 , 12000
650 , 7500
2200 , 20000
2000 , 65000
1400 , 16000
300 , 4000
1400 , 35000
550 , 10000
700 , 6000
1200 , 14000
1040 , 12000
1100 , 20000
2400 , 12000
1500 , 12000
980 , 21000
750 , 8500
910 , 16000
1221 , 30000
732 , 10000
900 , 17000
1200 , 12000
1650 , 50000
1200 , 16000
1350 , 10500
1920 , 8500
1500 , 15500
750 , 9000
800 , 6000
1800 , 6500
600 , 4000
1250 , 30000
1000 , 21000
1600 , 20000
1499 , 30000
620 , 9500
600 , 10000
2400 , 30000
2245 , 20000
2920 , 63000
1103 , 11000
1250 , 19000
1800 , 25000
1875 , 40000
600 , 10000
3000 , 60000
1200 , 20000
1016 , 9000
1450 , 9000
857 , 13000
1150 , 9000
1200 , 16000
500 , 12000
1785 , 50000
1266 , 13000
2800 , 30000
864 , 12000
1100 , 15000
800 , 11000
1100 , 22000
600 , 8000
1200 , 14000
2506 , 45000
1736 , 21000
1100 , 22000
984 , 15000
677 , 8500
800 , 10000
1500 , 3000
1089 , 23000
1600 , 14500
1069 , 18000
500 , 6000
900 , 9000
500 , 12500
1400 , 26000
1800 , 12000
1150 , 25000
800 , 5000
950 , 10000
1000 , 10000
700 , 9000
1400 , 20000
620 , 10000
750 , 15000
840 , 20000
900 , 25000
1550 , 19500
850 , 10000
796 , 9500
400 , 8000
1243 , 17500
750 , 12000
631 , 13000
740 , 7500
1100 , 15000
1000 , 12000
700 , 7500
1000 , 15000
810 , 9000
1035 , 13000
900 , 8200
980 , 11300
1000 , 7500
750 , 16000
967 , 17000
1500 , 9000
995 , 11000
2400 , 10000
625 , 11000
1708 , 29000
1000 , 13000
136 , 5500
1000 , 20000
60 , 20000
1350 , 14500
750 , 6500
1240 , 15000
450 , 7000
1000 , 14000
1460 , 15000
1850 , 16000
900 , 14000
650 , 7500
1000 , 11500
1000 , 10000
900 , 8000
1800 , 25000
2600 , 70000
850 , 9000
666 , 5000
1396 , 15000
850 , 13500
1200 , 28000
825 , 8500
800 , 12500
650 , 13000
900 , 15000
1250 , 20000
1450 , 8866
1412 , 11000
1956 , 27000
450 , 5600
1075 , 12000
1221 , 30000
1100 , 13000
912 , 10000
400 , 4500
1100 , 16000
564 , 15000
602 , 15000
1001 , 10000
509 , 7500
811 , 17000
645 , 7500
1000 , 21000
2338 , 45000
2500 , 90000
955 , 10750
700 , 7000
900 , 8500
1300 , 12000
720 , 12000
1062 , 11000
1646 , 20000
960 , 8000
950 , 28000
2500 , 90000
1800 , 25000
1020 , 18000
550 , 12000
1650 , 17000
3000 , 55000
900 , 8500
1500 , 3565
2400 , 6500
2800 , 30000
1109 , 25000
2100 , 7500
800 , 7000
740 , 7000
1947 , 30000
2400 , 12000
2000 , 65000
1400 , 16000
2000 , 20000
1500 , 13000
1000 , 8500
1650 , 32000
1000 , 16000
890 , 14000
450 , 8000
900 , 6200
1600 , 65000
850 , 22000
2500 , 90000
650 , 12500
1501 , 24000
1000 , 7000
1700 , 9500
1510 , 18000
924 , 9000
880 , 10000
1100 , 15000
800 , 8000
571 , 5500
594 , 6500
400 , 13000
855 , 20000
992 , 12000
1400 , 20000
1200 , 12000
1200 , 30000
3500 , 35000
400 , 7000
1650 , 50000
1300 , 15000
540 , 10000
3000 , 60000
1200 , 20000
1016 , 9000
1450 , 9000
857 , 13000
885 , 11000
1150 , 9000
1200 , 16000
1785 , 50000
1100 , 15000
300 , 6500
600 , 12000
750 , 15000
1875 , 40000
565 , 9000
2506 , 45000
1736 , 21000
1100 , 22000
1200 , 20000
800 , 6500
677 , 8500
800 , 10000
1500 , 3000
1089 , 23000
1050 , 12000
950 , 18000
1400 , 17000
1200 , 12000
600 , 6000
2400 , 8500
1600 , 25000
500 , 6400
720 , 9000
750 , 13000
1050 , 11000
500 , 6500
600 , 9000
980 , 16000
2400 , 95000
902 , 20000
980 , 20000
1500 , 22000
1000 , 18000
600 , 12000
1000 , 8000
650 , 12000
1200 , 30000
800 , 16000
1050 , 18000
1020 , 7500
1200 , 6000
1200 , 15000
810 , 8000
645 , 9000
1250 , 21000
1100 , 18000
800 , 18000
2500 , 30000
700 , 17000
1100 , 19000
1000 , 16000
1489 , 20000
2400 , 8500
950 , 17000
1800 , 30000
980 , 15000
2200 , 55000
700 , 6500
400 , 5000
484 , 3000
2750 , 45000
850 , 20000
2300 , 40000
800 , 22000
1100 , 17000
936 , 8000
936 , 8000
500 , 5500
1200 , 15000
1380 , 22000
1250 , 10000
2400 , 70000
126 , 2500
2506 , 40000
2000 , 35000
1300 , 17000
930 , 15000
1200 , 15000
2000 , 42000
1200 , 28000
1200 , 20000
2400 , 45000
2000 , 30000
1400 , 15500
1300 , 23000
1200 , 8000
1450 , 50000
1000 , 17500
1637 , 54000
1100 , 20000
1350 , 22000
1200 , 21000
2400 , 60000
1150 , 16000
1221 , 31500
850 , 9000
1000 , 17500
1200 , 25000
500 , 4300
1800 , 55000
1200 , 7000
2000 , 24000
1100 , 22000
685 , 25000
900 , 8500
1150 , 29000
750 , 16000
600 , 9000
1957 , 23000
1800 , 55000
2360 , 45000
1008 , 11000
1000 , 17000
2200 , 60000
1100 , 18000
1859 , 16000
950 , 21000
660 , 9000
1450 , 23000
350 , 10000
1145 , 24500
1827 , 48000
1355 , 20000
1450 , 17250
1024 , 22000
900 , 14000
1250 , 23000
1200 , 9500
1400 , 30000
950 , 9000
800 , 15000
1469 , 20000
350 , 15500
1900 , 38000
1500 , 25000
875 , 6500
1500 , 8000
1700 , 27000
600 , 9500
880 , 13000
1248 , 20000
1262 , 15000
900 , 16000
1100 , 20000
600 , 5500
1140 , 12000
2400 , 30000
700 , 16000
1780 , 13000
1400 , 13000
1400 , 37000
1100 , 20000
2661 , 71000
895 , 8000
200 , 5000
550 , 10000
1185 , 22000
600 , 7500
500 , 7000
1000 , 14000
1650 , 30000
1100 , 24000
1700 , 27000
1248 , 20000
1262 , 15000
1100 , 20000
850 , 20000
1100 , 15000
1140 , 12000
2400 , 30000
1500 , 9000
700 , 16000
1100 , 22000
1780 , 13000
1400 , 13000
1500 , 8000
1400 , 37000
1100 , 20000
2661 , 71000
895 , 8000
200 , 5000
550 , 10000
600 , 7500
1000 , 14000
1650 , 30000
1100 , 24000
1000 , 8000
880 , 13000
700 , 20500
550 , 15000
1200 , 22000
1350 , 15000
1850 , 15000
1350 , 20000
2400 , 8000
750 , 14000
804 , 5000
850 , 15000
875 , 13500
700 , 9500
920 , 21000
1350 , 25000
2064 , 20000
1275 , 7500
1275 , 18000
2200 , 35000
1590 , 25000
1400 , 17000
680 , 13000
900 , 12500
750 , 10000
300 , 5500
2400 , 14000
1200 , 22000
2700 , 53000
1500 , 25000
1450 , 25000
1185 , 22000
800 , 15000
1100 , 20000
1200 , 15000
1500 , 9000
1000 , 9000
1000 , 10000
1300 , 22000
3000 , 35000
1500 , 21000
1000 , 14000
3000 , 12000
1100 , 9000
1800 , 13000
2800 , 20000
1250 , 20000
900 , 16500
1010 , 13500
800 , 12000
1000 , 9000
1100 , 15000
1200 , 24000
1150 , 25000
1000 , 19000
700 , 9500
1500 , 50000
1252 , 16000
1100 , 22500
800 , 18000
1489 , 20000
2400 , 8500
950 , 17000
2200 , 55000
700 , 6500
484 , 3000
1400 , 45000
2300 , 40000
800 , 22000
1100 , 17000
500 , 5500
1380 , 22000
450 , 5000
1000 , 19000
720 , 10000
2506 , 40000
1300 , 17000
950 , 21000
930 , 15000
1200 , 9000
1400 , 18000
1200 , 20000
2400 , 45000
2000 , 30000
1400 , 15500
2500 , 30000
1300 , 23000
1200 , 8000
1200 , 28000
2600 , 40000
1500 , 35000
1500 , 21000
1800 , 14000
1100 , 18000
836 , 10000
1200 , 12000
900 , 31000
890 , 25000
1050 , 19000
1250 , 25000
2600 , 32000
800 , 12000
1100 , 20000
1441 , 15000
650 , 13000
1100 , 20000
1273 , 28000
1700 , 35000
1550 , 17000
600 , 12500
900 , 15000
500 , 8500
1800 , 15000
1000 , 36000
1000 , 18000
750 , 16000
1650 , 34000
1200 , 25000
1300 , 25000
650 , 15000
1300 , 19000
637 , 20000
1050 , 20000
1200 , 15000
1060 , 11500
1150 , 15000
1000 , 22000
1050 , 18000
500 , 12000
650 , 6000
957 , 18000
1100 , 17000
1500 , 25500
300 , 7999
550 , 11000
1000 , 20000
800 , 15000
1800 , 25000
1400 , 22000
950 , 10500
500 , 9000
1250 , 12500
634 , 22000
850 , 12000
1700 , 17000
700 , 12000
620 , 12000
840 , 20000
655 , 14000
1200 , 18000
1500 , 15000
2200 , 26000
400 , 10000
1624 , 27000
580 , 12500
990 , 12000
1350 , 30000
1050 , 26000
1008 , 8000
2000 , 30000
1350 , 23000
1500 , 25000
3250 , 90000
1300 , 25000
1800 , 35000
900 , 10000
1100 , 30000
350 , 3500
969 , 14500
2100 , 43000
1275 , 25000
1505 , 28000
1400 , 16000
1100 , 22000
1800 , 25000
800 , 16000
602 , 15000
1305 , 20000
764 , 6000
1250 , 20000
875 , 13000
2500 , 90000
1500 , 50000
1257 , 15000
1000 , 20000
850 , 8000
1200 , 22000
1122 , 17000
804 , 5000
850 , 15000
875 , 13500
700 , 9500
920 , 21000
1350 , 25000
1200 , 15500
1275 , 7500
475 , 7500
1275 , 18000
2200 , 35000
2360 , 45000
1200 , 7000
1350 , 15000
1590 , 25000
1400 , 17000
2400 , 14000
1200 , 30000
2400 , 10000
1050 , 18000
910 , 12500
2400 , 45000
1800 , 65000
2000 , 25000
980 , 11300
1300 , 25500
1100 , 15000
995 , 11000
1200 , 13000
1200 , 15000
990 , 20000
625 , 11000
1160 , 17000
864 , 7000
928 , 15000
1000 , 13000
136 , 5500
1000 , 20000
1200 , 11000
1240 , 15000
930 , 15000
1402 , 20000
1100 , 15000
1460 , 15000
900 , 14000
1400 , 30000
1600 , 15000
1141 , 12000
1800 , 22000
1250 , 32000
1183 , 20000
750 , 18000
875 , 10000
465 , 14000
1800 , 35000
900 , 8500
600 , 12000
1200 , 22000
850 , 15000
750 , 8000
1273 , 25000
600 , 12000
1000 , 11000
1750 , 35000
1385 , 27000
900 , 14000
750 , 13000
1100 , 15000
2000 , 20000
1150 , 24000
1700 , 38000
1447 , 17000
2064 , 22000
900 , 8500
700 , 8000
1250 , 15000
1000 , 14000
1400 , 32000
950 , 10500
1100 , 6500
980 , 6500
1646 , 20000
950 , 28000
1023 , 13000
1300 , 15000
1800 , 25000
1152 , 15000
1020 , 18000
1000 , 16900
2850 , 30000
900 , 16000
1600 , 45000
3000 , 55000
1360 , 45000
1300 , 18000
1500 , 16500
1250 , 25000
710 , 7000
1565 , 32000
800 , 12000
850 , 17000
900 , 17000
1109 , 25000
1300 , 16000
1350 , 18000
1000 , 12000
1128 , 15000
1000 , 25000
1400 , 30000
950 , 12000
950 , 18000
550 , 8000
1150 , 18000
1400 , 33000
1600 , 30000
1020 , 16000
1800 , 40000
2764 , 50000
1000 , 19000
2000 , 45000
530 , 7000
1494 , 24000
700 , 5000
1361 , 62500
250 , 4500
450 , 7000
1100 , 25000
1000 , 13000
1700 , 15000
2800 , 60000
450 , 8500
1200 , 14500
1200 , 8500
850 , 12000
810 , 9300
730 , 7500
809 , 10000
1480 , 20000
1400 , 20000
3500 , 35000
800 , 12000
720 , 10500
1400 , 35000
400 , 7000
1050 , 18000
1200 , 15500
900 , 6500
1800 , 28000
1000 , 14000
1000 , 15500
1273 , 25000
450 , 5500
1100 , 24000
710 , 20000
3300 , 80000
950 , 19000
800 , 13000
647 , 12000
1255 , 17000
2405 , 25000
800 , 13000
300 , 6500
1300 , 18500
1250 , 23000
1700 , 26000
1600 , 32000
970 , 6000
1500 , 25000
1000 , 14000
1365 , 30000
1100 , 19000
1550 , 32000
1300 , 22000
1068 , 18000
887 , 11000
400 , 8500
1350 , 45000
601 , 11000
1100 , 25000
600 , 4000
1100 , 20000
1100 , 10000
1700 , 60000
1400 , 30000
1000 , 15000
750 , 10000
1000 , 18000
400 , 7000
780 , 13000
700 , 11000
850 , 17000
1350 , 37500
1000 , 18000
1100 , 24000
900 , 15000
800 , 15000
600 , 11000
1520 , 28000
900 , 20000
1100 , 18100
1500 , 21000
625 , 9000
1300 , 20500
1200 , 11000
950 , 18000
1200 , 12000
1704 , 60000
800 , 8000
1100 , 23000
500 , 8000
1100 , 17600
1450 , 35000
500 , 10000
750 , 8500
1352 , 35000
1550 , 30000
1000 , 13000
1652 , 28000
581 , 8500
1186 , 25000
700 , 15000
1200 , 10000
2400 , 9000
1100 , 24000
1100 , 25000
2400 , 60000
950 , 18000
650 , 7000
1350 , 22000
1200 , 20000
2400 , 10000
1590 , 38000
902 , 20000
1200 , 25000
2400 , 27000
1000 , 23000
100 , 5000
1200 , 24000
2200 , 12000
901 , 17000
850 , 13000
1020 , 23000
1010 , 5000
900 , 9000
1000 , 16000
1100 , 25000
1350 , 37500
1350 , 22000
1200 , 20000
2400 , 10000
1590 , 38000
902 , 20000
1200 , 10000
1200 , 25000
2400 , 27000
1000 , 23000
700 , 14000
780 , 13000
1200 , 24000
2200 , 12000
901 , 17000
740 , 8000
850 , 13000
1020 , 23000
1010 , 5000
1000 , 16000
1100 , 25000
1450 , 21000
550 , 9000
1484 , 22000
581 , 8500
720 , 10000
1800 , 25000
1000 , 15000
800 , 15000
700 , 9500
900 , 27000
1500 , 18000
1100 , 19000
1100 , 18000
1017 , 26000
970 , 9500
2500 , 20000
1350 , 25000
975 , 10000
2064 , 20000
2000 , 39000
1500 , 30000
550 , 12000
1400 , 18000
1200 , 19000
1276 , 15000
1500 , 16500
900 , 14000
1000 , 15000
1699 , 22000
1100 , 15000
1200 , 25000
648 , 16000
1321 , 30000
1100 , 22000
1500 , 25000
1180 , 10000
700 , 11500
1800 , 37000
690 , 10000
950 , 12000
1503 , 15000
1596 , 6200
600 , 10000
800 , 15000
400 , 12000
1200 , 14000
1505 , 25000
1500 , 32000
980 , 14000
1500 , 45000
1100 , 17600
400 , 8500
600 , 8000
1000 , 22100
550 , 4500
600 , 6800
700 , 14000
300 , 4000
1000 , 25000
1107 , 18000
1000 , 13000
900 , 22000
1200 , 21000
900 , 8500
1020 , 23000
500 , 15000
1500 , 25000
2200 , 28000
1564 , 25000
1262 , 16000
2400 , 10500
1100 , 8500
2286 , 4000
1000 , 16000
800 , 10000
1100 , 18000
1300 , 14000
1200 , 17000
950 , 10000
1350 , 23000
625 , 12500
1200 , 12000
2661 , 75000
1650 , 40000
885 , 11000
900 , 18000
970 , 12000
1020 , 10000
1650 , 40000
1250 , 25000
700 , 16000
1900 , 60000
350 , 13000
1200 , 15500
1625 , 35000
950 , 23000
800 , 17000
960 , 14000
1200 , 26000
500 , 5000
1250 , 23000
1158 , 22000
1100 , 24000
1100 , 17000
1600 , 30000
1060 , 18000
1200 , 16000
2000 , 25000
850 , 8000
1200 , 25000
1000 , 9000
1100 , 24000
600 , 12500
1400 , 48000
1600 , 35000
850 , 16000
1200 , 30000
950 , 15500
1500 , 29000
550 , 7000
500 , 11000
750 , 8500
600 , 12000
1750 , 38000
650 , 8000
200 , 3500
1500 , 22200
1340 , 25000
2533 , 50000
1600 , 33000
600 , 11000
1000 , 19000
1350 , 40000
913 , 12500
860 , 6000
920 , 20000
2000 , 16500
1400 , 35000
800 , 10000
1200 , 7500
906 , 20300
1250 , 25000
1100 , 10500
750 , 16000
1500 , 23000
1050 , 19000
1200 , 24000
1100 , 29000
1100 , 17500
1365 , 24000
1372 , 17500
1145 , 18000
1000 , 16000
1230 , 42000
1400 , 20000
1000 , 12000
1400 , 45000
1922 , 20000
1580 , 25000
1100 , 20000
1000 , 20000
1100 , 20000
1300 , 25000
840 , 20000
1250 , 22000
1200 , 17000
450 , 5000
3000 , 85000
900 , 12000
1200 , 40000
1699 , 22000
1480 , 35000
1300 , 13500
1200 , 15000
1150 , 18000
1273 , 28000
1350 , 21000
1500 , 23000
1000 , 20000
1165 , 20000
1000 , 20000
200 , 25000
1600 , 35000
1000 , 20000
1005 , 9500
1989 , 55000
1600 , 18000
1600 , 15000
2000 , 13000
1000 , 20000
832 , 15000
1550 , 26000
1500 , 20000
800 , 7500
1200 , 10000
2400 , 15000
1100 , 20000
1100 , 20000
1245 , 16000
1770 , 50000
1475 , 35000
1400 , 18000
1053 , 18000
1016 , 20000
1300 , 20000
1100 , 25000
550 , 7500
1200 , 9000
800 , 24500
1466 , 50000
1200 , 7500
1652 , 42000
1600 , 26000
1640 , 17000
1944 , 23000
1500 , 18000
1000 , 9000
1250 , 25000
913 , 20000
700 , 16000
2000 , 16500
1900 , 60000
950 , 23000
800 , 17000
1350 , 12000
800 , 16000
1100 , 24000
1100 , 17000
1200 , 16000
2000 , 25000
750 , 16000
1200 , 25000
1000 , 9000
1100 , 24000
600 , 16500
1520 , 28000
1600 , 35000
1200 , 30000
1750 , 38000
2286 , 4000
500 , 11000
200 , 3500
1500 , 22200
900 , 12000
1340 , 25000
1600 , 33000
1200 , 27000
1100 , 23000
1100 , 25000
1000 , 20000
1550 , 30000
1060 , 18000
890 , 13500
1000 , 20000
1200 , 9000
1481 , 23000
740 , 16000
1000 , 20000
1000 , 20000
1800 , 59000
1250 , 23000
1300 , 14000
1122 , 17000
1500 , 37000
2023 , 55000
880 , 20000
1650 , 20000
750 , 25000
920 , 20000
2260 , 34000
3000 , 25000
1200 , 20000
1150 , 25000
1200 , 7000
1900 , 40000
1910 , 26000
1546 , 18000
475 , 7500
1800 , 36000
1400 , 17000
1200 , 14000
1600 , 38000
1441 , 15000
2400 , 30000
1000 , 14500
1500 , 14000
1300 , 23000
1400 , 25000
1050 , 10000
1100 , 16000
950 , 10500
1000 , 25000
2400 , 10000
1600 , 38000
3000 , 60000
1764 , 25000
1200 , 12000
1220 , 25000
1185 , 13950
1000 , 20000
880 , 8500
750 , 15000
501 , 10000
1650 , 16000
1053 , 18000
1016 , 20000
1989 , 55000
1100 , 25000
800 , 24500
1466 , 50000
1200 , 7500
1652 , 42000
1600 , 26000
2200 , 25000
1640 , 17000
1200 , 30000
990 , 16000
1500 , 18000
2600 , 90000
1100 , 17000
3500 , 35000
1460 , 25000
1450 , 31000
2500 , 50000
850 , 18000
2200 , 48000
2400 , 20000
1650 , 45000
1800 , 30000
240 , 3000
1245 , 15000
900 , 20000
550 , 7500
1300 , 22000
1254 , 16000
600 , 10000
1518 , 25000
1600 , 34000
700 , 23000
1750 , 4500
550 , 10000
2074 , 69500
1546 , 20000
2000 , 32000
1406 , 16000
960 , 22000
1336 , 21000
1600 , 30000
1552 , 18000
1475 , 35000
1400 , 26000
1100 , 40000
1150 , 22000
620 , 12000
2100 , 70000
1475 , 16000
1100 , 14000
1500 , 15000
650 , 6500
800 , 16500
650 , 8000
2400 , 10000
1355 , 22000
800 , 14000
1800 , 25000
1349 , 16000
555 , 16000
1050 , 19000
950 , 12000
902 , 20000
1200 , 27000
1250 , 25000
2400 , 15000
1100 , 13000
200 , 5000
1000 , 20000
1300 , 13000
1000 , 10000
1150 , 18000
1560 , 22000
1150 , 25000
1964 , 17000
800 , 11000
1150 , 22000
1100 , 30000
728 , 14000
913 , 20000
1200 , 15000
1000 , 18000
1070 , 16000
950 , 16000
1235 , 50000
884 , 13000
1150 , 20000
1200 , 28000
1100 , 10000
620 , 10000
650 , 8500
1596 , 5000
650 , 13000
1100 , 12000
620 , 12000
1160 , 26000
500 , 10000
900 , 14500
920 , 15000
1000 , 15000
1900 , 25000
900 , 20100
950 , 15000
800 , 11000
1588 , 16000
600 , 7000
1500 , 12500
1400 , 28000
1100 , 10000
800 , 12000
1200 , 18500
1200 , 15000
900 , 9200
1200 , 27000
1475 , 35000
1400 , 26000
1100 , 40000
1150 , 22000
2100 , 70000
1212 , 13500
1475 , 16000
1500 , 15000
960 , 22000
750 , 27000
650 , 6500
740 , 16000
1355 , 22000
800 , 14000
1800 , 25000
1349 , 16000
555 , 16000
1100 , 14000
950 , 12000
902 , 20000
2400 , 15000
1100 , 13000
1000 , 20000
1300 , 13000
1000 , 10000
1150 , 18000
1560 , 22000
700 , 13000
500 , 8000
1000 , 22000
1450 , 40000
1300 , 22000
700 , 20000
2400 , 18000
1350 , 25000
700 , 23000
2700 , 50000
1200 , 17000
1600 , 40000
1501 , 37000
776 , 12000
2200 , 40000
1200 , 9000
1100 , 21000
1000 , 13500
870 , 21000
650 , 14000
1825 , 35000
1350 , 25000
200 , 3000
1575 , 22000
1150 , 18000
800 , 8000
1120 , 25000
740 , 10000
1751 , 15000
700 , 7000
650 , 14000
960 , 15000
1101 , 21000
1613 , 4500
700 , 13000
1000 , 14000
950 , 13000
928 , 14000
2621 , 70000
1200 , 19000
1600 , 30000
1300 , 26000
900 , 18000
1200 , 12000
1750 , 37000
1380 , 18000
240 , 3000
2200 , 35000
1800 , 40000
1400 , 18000
1000 , 17500
980 , 24000
940 , 23000
2000 , 53000
1800 , 50000
1120 , 17000
3500 , 60000
2500 , 55000
1450 , 33000
1350 , 13000
1300 , 18000
920 , 14500
600 , 8000
907 , 11000
2400 , 30000
1500 , 30000
2500 , 55000
1500 , 21000
1500 , 28000
1700 , 35000
1000 , 11000
1300 , 18000
800 , 15000
850 , 16000
1000 , 20000
1825 , 30000
700 , 20000
900 , 19000
1498 , 30000
750 , 16000
875 , 16000
1200 , 14000
1000 , 20000
990 , 16000
550 , 5000
1640 , 40000
1800 , 45000
1000 , 9000
1550 , 25000
1693 , 35000
1350 , 25000
920 , 15000
1100 , 18000
600 , 5000
1700 , 40000
2000 , 50000
1700 , 40000
1100 , 22000
1800 , 40000
1147 , 26000
1000 , 13000
2500 , 25000
770 , 11000
600 , 9600
500 , 6500
1800 , 25000
1600 , 6900
950 , 25000
200 , 7500
250 , 5000
700 , 15500
250 , 7500
1733 , 12500
1472 , 50000
1000 , 10500
1000 , 18000
200 , 5500
670 , 20000
1252 , 18000
1000 , 18000
1100 , 25000
503 , 12000
2000 , 32000
1000 , 13000
923 , 23000
1000 , 17000
1400 , 25000
450 , 9000
1221 , 30000
869 , 6000
1100 , 16000
980 , 18000
1350 , 12000
800 , 16000
901 , 13000
2600 , 45000
450 , 6500
900 , 11000
1500 , 6500
1650 , 40000
1400 , 15000
700 , 15000
700 , 16000
1100 , 16000
600 , 6000
940 , 16000
900 , 7000
2400 , 40000
1800 , 25000
1200 , 9000
900 , 15000
1441 , 15000
1000 , 12000
600 , 15000
1145 , 24000
1380 , 18000
1250 , 35000
600 , 13500
525 , 12000
1000 , 20000
1550 , 28000
1500 , 20000
640 , 15000
1400 , 27000
950 , 16000
600 , 18000
950 , 17000
1400 , 30000
1050 , 8000
1700 , 17000
1000 , 23000
1250 , 27000
1500 , 40000
500 , 14500
1252 , 25000
1000 , 20000
1495 , 25000
900 , 13000
1100 , 20000
1145 , 18000
1515 , 30000
1300 , 33000
1100 , 26000
1200 , 20000
1500 , 37000
1467 , 15500
1250 , 17000
1080 , 25000
1200 , 14000
1250 , 28000
1700 , 36000
2000 , 60000
1110 , 5000
1450 , 30000
1500 , 32000
2400 , 40000
1600 , 40000
2400 , 13000
1100 , 20000
1500 , 40000
1050 , 15000
740 , 14000
2100 , 20000
1441 , 15000
1100 , 16000
600 , 15000
1145 , 24000
1380 , 18000
2400 , 40000
1250 , 35000
1550 , 28000
950 , 16000
600 , 18000
550 , 10000
1400 , 30000
640 , 15000
1050 , 8000
1000 , 23000
1252 , 25000
1495 , 25000
1145 , 18000
1515 , 30000
1300 , 33000
1100 , 26000
1200 , 20000
900 , 15000
1500 , 37000
1467 , 15500
1250 , 17000
1250 , 28000
1700 , 36000
1200 , 14000
890 , 20000
1030 , 14000
1100 , 25000
1100 , 18000
1140 , 32000
650 , 18000
1500 , 9000
730 , 20500
1150 , 25000
1100 , 15000
1000 , 11000
1100 , 14000
850 , 28000
925 , 13000
550 , 8000
1200 , 23000
1250 , 15000
931 , 25000
1357 , 23000
1200 , 22000
1200 , 32000
1600 , 40000
650 , 8000
350 , 12000
1080 , 15000
980 , 12000
1600 , 33000
650 , 8000
1200 , 20000
1000 , 40000
1000 , 10500
1250 , 18000
636 , 7500
1309 , 21000
2000 , 20000
707 , 9000
1780 , 55000
1063 , 20000
1000 , 19000
650 , 15500
1000 , 15000
1000 , 13000
1800 , 60000
1500 , 33000
1800 , 28000
1460 , 30000
1450 , 27000
2000 , 18000
750 , 9500
1428 , 27000
1600 , 45000
550 , 6500
1177 , 17000
550 , 13000
950 , 9000
1200 , 25000
1600 , 45000
1200 , 25000
550 , 6500
1255 , 27000
1177 , 17000
950 , 9000
550 , 13000
640 , 10000
2400 , 17000
899 , 10000
500 , 10000
1710 , 50000
800 , 15000
1000 , 20000
600 , 7000
1000 , 23500
1500 , 31000
900 , 14000
900 , 17000
1218 , 11500
800 , 17000
1270 , 8500
1200 , 15000
400 , 8500
625 , 12500
900 , 8500
480 , 8000
1350 , 38000
951 , 17000
1000 , 8000
1255 , 27000
820 , 5500
895 , 8000
600 , 11000
950 , 10000
1150 , 21500
750 , 15000
800 , 15000
800 , 8500
710 , 10000
850 , 10000
600 , 11000
550 , 10000
1100 , 18500
1200 , 8000
220 , 4000
700 , 20000
2100 , 40000
1218 , 11500
1400 , 25000
500 , 15000
1600 , 25000
600 , 8000
770 , 25000
1000 , 21000
1764 , 25000
620 , 20700
890 , 13500
2100 , 45000
1600 , 37000
1100 , 18500
1000 , 18000
1150 , 18000
1700 , 33000
1957 , 30000
1396 , 25000
1200 , 30000
1200 , 14000
1030 , 18000
2100 , 60000
850 , 20000
2000 , 39000
2400 , 13000
1050 , 35000
800 , 12000
899 , 8000
903 , 8000
1600 , 37000
1800 , 5000
900 , 9000
1500 , 25000
996 , 15000
900 , 10000
1750 , 60000
1500 , 30000
1800 , 21000
1700 , 23000
850 , 18000
900 , 10000
3600 , 10000
652 , 20000
1400 , 13000
1100 , 25000
850 , 8000
1475 , 27000
250 , 14000
2200 , 26500
1100 , 23000
1000 , 21000
950 , 10000
475 , 8500
850 , 11000
1200 , 18000
550 , 10000
1200 , 27500
1200 , 16000
1000 , 16000
1200 , 8000
850 , 13000
950 , 17500
2400 , 21000
1600 , 5000
2100 , 45000
1000 , 15000
900 , 12000
1200 , 13000
950 , 12000
1200 , 11500
850 , 19000
424 , 10000
700 , 8000
1200 , 20000
1100 , 10000
1550 , 27000
1050 , 16000
1900 , 30000
1050 , 25000
500 , 6000
900 , 18000
150 , 3000
1000 , 15000
700 , 16000
1575 , 30000
1000 , 17000
1250 , 23000
1000 , 21000
930 , 16000
1300 , 15000
810 , 12000
1600 , 38000
1200 , 21000
400 , 2000
900 , 16500
1053 , 17000
900 , 10000
900 , 5300
1500 , 5000
1380 , 42000
1200 , 27000
1200 , 12000
1000 , 43000
1200 , 12000
1365 , 22000
3200 , 60000
776 , 15000
777 , 15000
1200 , 14000
933 , 20000
700 , 12000
1000 , 5000
1100 , 26000
1321 , 27000
2350 , 85000
900 , 20000
1600 , 16000
1000 , 19500
950 , 20000
2600 , 65000
1300 , 35000
2100 , 56000
1350 , 18000
682 , 8000
990 , 10000
761 , 10000
882 , 9000
1100 , 25000
700 , 12000
1000 , 5000
1100 , 26000
1321 , 27000
2350 , 85000
900 , 20000
1600 , 16000
900 , 10000
720 , 14000
950 , 20000
2600 , 65000
600 , 10000
1300 , 35000
1350 , 18000
900 , 15000
682 , 8000
990 , 10000
761 , 10000
882 , 9000
2056 , 15500
1791 , 35000
1100 , 25000
2800 , 12000
1800 , 50000
675 , 7000
1460 , 15000
1200 , 13000
580 , 10500
875 , 8000
1333 , 28000
900 , 10000
1100 , 11000
1300 , 32000
1300 , 6500
813 , 18000
1016 , 14000
650 , 18000
850 , 14000
1000 , 12000
550 , 18000
800 , 18000
450 , 5000
805 , 19500
1350 , 15000
525 , 13000
700 , 12000
1300 , 20000
290 , 8500
1700 , 36000
1049 , 18000
950 , 12500
1600 , 40000
2062 , 50000
1100 , 18000
1050 , 17000
768 , 14000
550 , 18000
450 , 5000
1350 , 15000
525 , 13000
700 , 12000
1300 , 20000
1050 , 17000
290 , 8500
1700 , 36000
950 , 12500
1600 , 40000
2062 , 50000
768 , 14000
900 , 16000
1150 , 25000
1600 , 28000
850 , 14000
868 , 11000
1000 , 30000
680 , 13000
275 , 5000
895 , 18000
1010 , 16000
2800 , 22000
1900 , 14000
907 , 8000
1130 , 14000
800 , 14000
1031 , 10000
1300 , 18000
1150 , 18000
1186 , 30000
1400 , 22000
1127 , 27000
500 , 13000
1800 , 40000
1130 , 14000
1530 , 30000
1498 , 30000
646 , 8000
1700 , 27000
700 , 11000
1000 , 14000
885 , 15000
500 , 14000
825 , 20000
2200 , 65000
680 , 10000
1111 , 14000
1500 , 12000
2600 , 65000
600 , 5500
1400 , 30000
1550 , 20000
1300 , 12000
1060 , 22000
1101 , 12000
740 , 9000
500 , 10000
1300 , 33000
1500 , 26000
680 , 19000
850 , 15000
800 , 14000
700 , 12500
1600 , 25000
848 , 10000
1200 , 17000
1180 , 35000
1750 , 15000
903 , 15000
761 , 9000
800 , 15000
1754 , 25000
2000 , 48000
1500 , 33000
800 , 10000
1000 , 10500
700 , 12000
1337 , 30000
1765 , 20000
1200 , 30000
1300 , 17000
2000 , 30000
2300 , 55000
1700 , 40000
1200 , 17000
1200 , 14500
1500 , 16000
1600 , 37000
800 , 23000
725 , 9250
2030 , 65000
1500 , 40000
1415 , 20000
500 , 11000
1968 , 60000
1580 , 55000
1601 , 45000
950 , 15000
2400 , 45000
1599 , 37000
1100 , 23000
1337 , 30000
1050 , 25000
2000 , 69000
1592 , 30000
960 , 16000
2000 , 40000
980 , 15500
900 , 15000
650 , 18000
1601 , 45000
950 , 15000
2300 , 55000
1599 , 37000
1100 , 23000
740 , 9000
1500 , 33000
1337 , 30000
1050 , 25000
2000 , 69000
2000 , 40000
700 , 12000
980 , 15500
900 , 15000
650 , 18000
1300 , 23000
984 , 12500
900 , 12000
950 , 17000
1100 , 10000
1436 , 30000
1350 , 30000
1000 , 22000
925 , 20000
450 , 8000
2300 , 80000
786 , 9500
1300 , 15500
1250 , 28000
1489 , 14000
950 , 16000
900 , 16500
900 , 16000
800 , 15000
1081 , 17000
800 , 10000
1800 , 52000
610 , 14000
2400 , 70000
550 , 9500
1600 , 30000
1200 , 10000
1650 , 47000
600 , 12000
850 , 15000
1800 , 38000
1250 , 12500
600 , 10000
1337 , 25000
1800 , 40000
1150 , 23000
880 , 15000
1200 , 16000
2400 , 15000
2500 , 20000
1100 , 15000
900 , 19000
1100 , 25000
920 , 15000
2000 , 45000
1050 , 20000
1300 , 13000
1850 , 45000
800 , 20000
901 , 20200
635 , 17000
600 , 17850
2500 , 55000
1150 , 30000
1100 , 15000
1400 , 14000
2174 , 50000
1350 , 21000
1200 , 20000
1350 , 42000
500 , 10000
1500 , 26000
990 , 16000
525 , 9000
1500 , 25000
1200 , 9000
1300 , 43000
1642 , 55000
460 , 7500
1062 , 10000
1300 , 30000
864 , 13500
1600 , 28000
1100 , 30000
1148 , 13000
570 , 9000
1300 , 23500
1200 , 15000
1500 , 20000
1800 , 46000
1100 , 15000
2400 , 16000
1540 , 40000
960 , 20000
1000 , 22000
1302 , 21000
2500 , 55000
1000 , 12000
2500 , 60000
2500 , 90000
1000 , 12000
960 , 15000
1600 , 18000
1016 , 14000
2300 , 75000
700 , 8000
1288 , 22000
700 , 8500
534 , 10000
1200 , 25000
1350 , 21000
1120 , 18000
1600 , 30000
1390 , 33000
1400 , 23000
1000 , 14000
1000 , 14000
1280 , 15000
1200 , 18000
1000 , 19000
900 , 30000
1000 , 10000
900 , 8000
600 , 9500
1100 , 16000
1501 , 55000
2400 , 11000
940 , 15000
100 , 15000
1800 , 10000
1170 , 19000
1565 , 32000
990 , 12000
1100 , 15000
1500 , 22000
1375 , 20000
400 , 4500
1700 , 50000
1000 , 16000
1800 , 32000
600 , 10000
1000 , 16000
1000 , 23000
600 , 8000
500 , 10500
900 , 22000
2000 , 42000
1300 , 18000
1700 , 25000
600 , 14000
1010 , 20000
2500 , 70000
650 , 6500
1200 , 25000
909 , 10500
2700 , 70000
2399 , 75000
800 , 11000
1200 , 27500
1650 , 35000
1100 , 18000
723 , 12000
1100 , 60000
950 , 12000
500 , 10000
1350 , 26000
600 , 8000
1200 , 35000
1500 , 35000
2000 , 23000
1800 , 31000
1800 , 31000
980 , 18000
1281 , 22000
3500 , 50000
900 , 17000
980 , 15000
1000 , 19000
1050 , 22000
1528 , 30000
1750 , 55000
1100 , 16000
1000 , 27000
1600 , 16000
1300 , 26000
2200 , 55000
1600 , 22000
1900 , 75000
1200 , 35000
1500 , 25000
1200 , 14000
700 , 8000
1000 , 19000
1200 , 25000
650 , 9000
2500 , 42000
500 , 10000
1300 , 28000
1200 , 25000
600 , 9000
2200 , 60000
200 , 3000
1230 , 12500
2400 , 15000
1075 , 25000
900 , 12500
1250 , 25000
1000 , 25000
1460 , 13000
1000 , 22000
900 , 8000
930 , 20000
607 , 15000
990 , 14000
1100 , 12000
2500 , 60000
1200 , 17000
1500 , 15000
1100 , 27000
1200 , 16000
900 , 25000
2279 , 65000
1261 , 27000
1350 , 37000
1700 , 40000
807 , 10000
1300 , 40000
1000 , 26000
1565 , 22000
1600 , 23000
850 , 17000
1100 , 6500
550 , 10000
1200 , 15000
1300 , 21000
1180 , 20000
1300 , 32000
1151 , 30000
750 , 14000
1110 , 21000
1521 , 22000
2400 , 24000
2400 , 65000
1600 , 42000
1000 , 15000
400 , 6000
1553 , 16000
1000 , 15000
400 , 6000
1553 , 16000
1250 , 30000
1700 , 45000
900 , 20000
1500 , 50000
1550 , 19000
500 , 10000
1250 , 18500
1460 , 40000
1200 , 16000
900 , 17000
1350 , 40000
1420 , 25000
1600 , 30000
650 , 9000
1100 , 18000
750 , 14000
2450 , 60000
1468 , 43000
1000 , 18000
950 , 15000
1200 , 25000
1000 , 12000
970 , 20000
2396 , 45000
1100 , 14000
1000 , 16000
1630 , 60000
575 , 9000
1200 , 18000
2200 , 40000
2232 , 40000
1000 , 10000
930 , 20000
1100 , 45000
1632 , 30000
1500 , 50000
1684 , 30000
1600 , 60000
2800 , 60000
650 , 8000
1000 , 15000
1690 , 26000
600 , 40000
950 , 15500
1257 , 21000
1700 , 45000
1250 , 25000
1780 , 33000
1300 , 22000
1200 , 13000
1250 , 22500
2400 , 20000
2328 , 28000
2200 , 75000
400 , 5500
1428 , 34000
1500 , 70000
1000 , 15000
2500 , 50000
1800 , 36000
700 , 18000
2141 , 21000
1500 , 50000
1250 , 30000
1400 , 25000
1650 , 55000
2200 , 85000
1500 , 17000
1000 , 12000
1100 , 19000
1100 , 16000
1300 , 14000
700 , 20000
816 , 16000
1100 , 18000
950 , 25000
1450 , 60000
800 , 20000
1450 , 60000
800 , 20000
1200 , 30000
950 , 20000
800 , 25000
750 , 15000
2800 , 80000
800 , 12000
800 , 13000
1200 , 10000
1500 , 25000
1450 , 33000
1200 , 15000
2400 , 90000
1700 , 33000
2100 , 50000
1500 , 15000
2000 , 60000
1800 , 25000
2800 , 85000
900 , 14000
1100 , 31000
1500 , 19500
1211 , 12500
1000 , 32000
2500 , 75000
1200 , 15000
1800 , 21000
1300 , 13500
1215 , 24000
2269 , 45000
1295 , 32000
1950 , 45000
700 , 5500
1600 , 60000
2129 , 60000
200 , 5000
1650 , 35000
1100 , 8000
400 , 6500
650 , 9000
1700 , 40000
2322 , 45000
630 , 14000
630 , 17500
1300 , 22000
1200 , 15000
650 , 17000
650 , 18000
1000 , 12000
500 , 5000
1100 , 15000
1600 , 11000
700 , 12000
1180 , 15000
980 , 9000
750 , 8000
860 , 13000
1756 , 33000
1200 , 15000
542 , 12500
750 , 12500
1100 , 16000
1200 , 17500
1800 , 50000
600 , 7000
1250 , 22000
1150 , 28000
1800 , 40000
600 , 12000
1288 , 28000
1200 , 13000
1130 , 26000
570 , 11500
600 , 12000
750 , 12000
950 , 16000
1200 , 20000
1150 , 15000
850 , 14000
1200 , 12500
1600 , 22000
1300 , 23000
1750 , 35000
1200 , 25000
1700 , 35000
1750 , 40000
700 , 12000
900 , 11000
1380 , 26000
1100 , 16000
1000 , 17000
1200 , 20000
1350 , 18500
750 , 12000
2000 , 30000
800 , 16000
3240 , 30000
1700 , 34000
1100 , 22000
1350 , 20000
591 , 14000
1750 , 35100
900 , 18000
750 , 13000
1100 , 19000
2000 , 50000
1100 , 19000
1000 , 15000
780 , 13000
1600 , 28000
1050 , 15000
900 , 14000
2200 , 97000
1400 , 38000
1170 , 13000
1600 , 30000
1800 , 32000
670 , 11000
1000 , 16000
1700 , 22000
1000 , 10000
1200 , 20000
1300 , 35000
1500 , 26000
3500 , 70000
900 , 13000
1800 , 33000
900 , 14000
1700 , 45000
1000 , 25000
1403 , 16500
2300 , 40000
1100 , 21000
1250 , 25000
1600 , 45000
1025 , 12500
1200 , 15000
1800 , 35000
780 , 3999
1800 , 30000
2000 , 80000
300 , 5000
1200 , 25000
2700 , 55000
1735 , 55000
1461 , 45000
1600 , 21000
1500 , 20000
1570 , 22000
1240 , 26000
70 , 21000
450 , 8500
960 , 15000
1756 , 32000
800 , 5500
300 , 6500
2400 , 20000
1100 , 20000
950 , 15000
534 , 15000
1648 , 35000
1350 , 30000
1500 , 21000
1000 , 18000
741 , 10000
500 , 7500
1250 , 24000
1650 , 31000
1000 , 12000
2550 , 60000
1200 , 16000
500 , 9500
540 , 11000
1400 , 18000
1100 , 23000
800 , 14000
1000 , 19000
1500 , 20900
700 , 12500
1200 , 27000
1151 , 22000
1500 , 30000
3000 , 75000
1500 , 20000
1368 , 12700
1051 , 22000
1300 , 19000
1100 , 20000
1250 , 23000
1650 , 35000
1221 , 28000
1450 , 20000
1200 , 18000
1050 , 40000
1100 , 15000
1300 , 17000
1450 , 42000
1115 , 16500
950 , 10500
1000 , 13500
1300 , 17000
2400 , 80000
900 , 13000
600 , 6000
1780 , 30000
1200 , 14500
1100 , 25000
150 , 8500
750 , 15000
1000 , 17000
970 , 14000
1046 , 10000
500 , 5000
1000 , 18000
700 , 13000
1400 , 15000
1500 , 50000
2145 , 45000
1300 , 12000
1103 , 21000
1650 , 50000
750 , 15000
850 , 21000
400 , 9000
1426 , 22000
1500 , 30000
1000 , 16000
750 , 13000
1550 , 30000
1300 , 35000
1050 , 13500
900 , 17000
700 , 14500
700 , 8500
2880 , 15000
1420 , 35000
1400 , 50000
1500 , 30000
1500 , 50000
1000 , 17000
550 , 15000
1102 , 20000
1000 , 7000
750 , 13000
3000 , 45000
1490 , 42000
3000 , 27000
1650 , 40000
450 , 5500
1081 , 10000
2000 , 20000
2000 , 35000
1200 , 10500
407 , 6500
1250 , 11000
1000 , 13000
1200 , 14500
980 , 12500
1380 , 14500
1145 , 18000
300 , 9500
1100 , 18500
1300 , 23000
1000 , 15000
1999 , 60000
1600 , 25000
1450 , 15000
500 , 4100
1100 , 30000
850 , 16000
1500 , 40000
1400 , 30000
2000 , 35000
1501 , 40000
900 , 22000
1200 , 12000
500 , 10000
1000 , 20000
580 , 15000
1490 , 25000
900 , 10000
1001 , 20000
1150 , 16000
800 , 9500
375 , 6500
2400 , 65000
1200 , 12500
1150 , 20000
1100 , 16000
1944 , 22000
1555 , 22000
2000 , 35000
1300 , 12000
1200 , 22000
400 , 12500
1300 , 15000
1100 , 30000
900 , 15000
607 , 15000
1150 , 17500
1200 , 28000
600 , 8500
1000 , 12000
600 , 10500
1800 , 60000
900 , 13000
1000 , 18000
1900 , 38000
1450 , 50000
1450 , 35000
1100 , 21000
2500 , 70000
1450 , 24000
1200 , 30000
1600 , 30000
1012 , 13000
1200 , 19000
500 , 9500